Workbook
Name valuevx: 42.314159
Name wld_az1_rack2_child_dns_zone: 'Value Reference Tables - MR'!#REF!
Name wld_az1_rack3_child_dns_zone: 'Value Reference Tables - MR'!#REF!
Name wld_az1_rack4_child_dns_zone: 'Value Reference Tables - MR'!#REF!
Name wld_az1_rack5_child_dns_zone: 'Value Reference Tables - MR'!#REF!
Name wld_az1_rack6_child_dns_zone: 'Value Reference Tables - MR'!#REF!
Name wld_az1_rack7_child_dns_zone: 'Value Reference Tables - MR'!#REF!
Name wld_az1_rack8_child_dns_zone: 'Value Reference Tables - MR'!#REF!
Name mgmt_stretched_cluster_result: 'Configure Management Domain'!$D$15
Name input_flt_custom_network_auto_nodeb_ip: 'Deploy Fleet Management Day-N'!$D$54
Name sample_wld_az1_rack4_host_overlay_vlan: 'Additional Racks'!$C$277
Name input_mgmt_ec01_en02_host_group_affinity_rule_name: 'Configure Management Domain'!$D$129
Name sizing_w01_vcenter_storage_size: 'Management Domain Sizing'!$F$36
Name input_mgmt_az1_uplink02_gateway_ip: 'Configure Management Domain'!$D$198
Name wld_az1_rack4_en1_uplink01_interface_ip: 'Value Reference Tables - MR'!$R$242
Name storage_autopolicy: 'Static Reference Tables'!$B$379
Name sample_wld_az1_rack6_edge_overlay_vlan: Arkham!$N$58
Name input_flt_auto_node_pool_end_ip: Arkham!$Q$35
Name wld_az1_rack3_edge_overlay_gateway_ip: 'Value Reference Tables - MR'!$O$94
Name input_wld_az1_rack6_pool_name: 'Additional Racks'!$D$406
Name sample_flt_logs_nodeb_fqdn: 'Deploy Fleet Management Day-N'!$C$226
Name input_wld_az1_rack5_mgmt_vm_gateway_ip: 'Value Reference Tables - MR'!$P$262
Name wld_az1_rack7_pool_name: 'Value Reference Tables - MR'!$AA$166
Name sample_wld_az1_rack2_edge_overlay_network: Arkham!$B$61
Name input_mgmt_witness_vm_folder: 'Configure Management Domain'!$D$314
Name input_ccm_hcx_service_mesh: 'Cross Cloud Mobility'!$D$39
Name input_wld_az2_vmotion_gateway_ip: 'Configure Workload Domain'!$D$201
Name wld_az1_rack3_host1_hostname: 'Value Reference Tables - MR'!$O$202
Name input_wld_az1_rack8_vmotion_pool_start_ip: 'Additional Racks'!$D$599
Name sample_wld_az1_rack5_host3_mgmt_ip: 'Additional Racks'!$C$295
Name nsxt_gm_root_password: 'Value Reference Tables'!$L$21
Name input_ca_country: 'Configure Management Domain'!$D$61
Name wld_az1_rack8_host7_mgmt_ip: 'Value Reference Tables - MR'!$AD$189
Name mgmt_vrms_site_name: 'Value Reference Tables'!$U$68
Name sample_wld_vrms_mgmt_ip: 'Dumping Ground'!$F$10
Name sample_mgmt_srm_recovery_sddc_manager_domain: 'Dumping Ground'!$C$58
Name input_wld_az1_rack5_host_overlay_vlan: 'Additional Racks'!$D$370
Name sample_wld_rwr_recovery_site_nsx_fqdn: 'On-Premises Ransomware Recovery'!$C$118
Name input_wld_az1_rack6_secondary_storage_pool_start_ip: 'Dumping Ground'!$D$545
Name wld_az1_rack3_rtep_overlay_cidr: 'Value Reference Tables - MR'!$O$33
Name wld_az1_en1_mgmt_ip: Arkham!$R$19
Name input_mgmt_avilb_mgrb_ip: 'Configure Management Domain'!$D$214
Name input_cluster_esx_root_username: 'Deploy Cluster'!$D$104
Name input_wld_az2_storage_cluster_mask: 'Configure Workload Domain'!$D$224
Name input_mgmt_az2_host1_sddc_id: 'Configure Management Domain'!$D$345
Name input_wld_az2_vmotion_pool_end_ip: 'Configure Workload Domain'!$D$203
Name flt_custom_network_chosen: 'Deploy Fleet Management Day-N'!$B$7
Name mgmt_srm_days: 'Value Reference Tables'!$U$83
Name mgmt_cl01_vds02_lacp_mode_chosen: 'Deploy Management Domain'!$L$203
Name input_ccm_aws_management_subnet: 'Cross Cloud Mobility'!$D$26
Name ca_administrator_username: 'Value Reference Tables'!$L$8
Name sample_wld_witness_cluster: 'Configure Workload Domain'!$C$268
Name input_wld_az1_rack8_host16_fqdn: 'Additional Racks'!$D$627
Name sample_wld_az1_principal_storage_mtu: 'Deploy Workload Domain'!$C$94
Name input_wld_az1_rack4_vmotion_pool_end_ip: 'Additional Racks'!$D$228
Name sample_mgmt_az2_vsan_cidr: 'Management Domain As Built'!$C$80
Name sizing_w24_nsxt_gm_appliance_size: 'Management Domain Sizing'!$M$59
Name wld_az1_rack3_rtep_ip_pool_name: 'Value Reference Tables - MR'!$O$173
Name wld_az2_host12_mgmt_ip: 'Value Reference Tables - MR'!$I$434
Name sample_wld_tier0_name: 'Configure Workload Domain'!$C$96

Sheet Prerequisite Checklist
B2: Prerequisite Checklist
B3: The following pre-requisites need to be completed before proceeding with deployments
B6: Hardware (Management Domain)
B7: Server Component | C7: Minimum Requirements | D7: Notes
B8: Server Type | C8: Two Supported Servers - Simple (Single-Node) Deployment or Four Supported Servers - High Availability (Three-Node) Deployment | D8: Refer to the VMware Compatibility Guide at https://compatibilityguide.broadcom.com/ for supported configurations. Note that VMware Cloud Foundation supports three node vSAN clusters in Workload Domains. VMware recommends a minimum of four nodes for production.
B9: CPU | C9: Supported Configurations | D9: None
B10: Memory | C10: Supported Configurations | D10: Rainpole example suggests - 1TB per host based on 4 hosts with ability to tolerate failure of a single host. Use Management Domain Sizing for sizing based on your chosen options.
B11: Storage (Boot) | C11: Supported configurations | D11: SD-Cards are considered legacy and not recommended.
B12: Storage VSAN-OSA (Cache) | C12: Supported Configurations | D12: Rainpole example suggests - 1.2TB of Raw Capacity for the Caching Tier (All-Flash) per host. - Two disk groups, 600GB cache per disk group. Ensure no existing partitions exist on disks intended for use See Designing and Sizing a vSAN Cluster from the VMware vSAN documentation for guidelines about cache sizing. Use Management Domain Sizing for sizing based on your chosen options.
B13: Storage vSAN-OSA (Capacity) | C13: Supported Configurations | D13: Rainpole example suggests - 12.5TB of Raw Capacity for the Capacity Tier (All-Flash) per host. - Two disk groups, 6.25TB per disk group Ensure no existing partitions exist on disks intended for use Use Management Domain Sizing for sizing based on your chosen options.
B14: Storage vSAN-ESA | C14: Supported Configurations | D14: Rainpole example suggests - 12.5TB of Raw Capacity for the Capacity Tier (All-Flash) per host. - 4 x 3.2TB NVME SSD Drives per node. Ensure no existing partitions exist on disks intended for use Use Management Domain Sizing for sizing based on your chosen options.
B15: Storage NFS | C15: Supported Configurations | D15: Use Management Domain Sizing for sizing based on your chosen options.
B16: Storage FC | C16: Supported Configurations | D16: Use Management Domain Sizing for sizing based on your chosen options.
B17: NICs per server | C17: - One 10 GbE NICs - One 1 GbE BMC NIC | D17: Single NIC is supported with API Only 25GbE NICs are recommended for vSAN ESA
B19: Hardware (Workload Domain)
B20: Server Component | C20: Minimum Requirements | D20: Notes
B21: Type | C21: Three Supported Servers | D21: Refer to the VMware Compatibility Guide at https://www.vmware.com/resources/compatibility/search.php for supported configurations. Note that VMware Cloud Foundation supports three node vSAN clusters in Workload Domains. VMware recommends a minimum of four nodes for production. Ensure no existing partitions exist on disks intended for use
B22: CPU | C22: Supported configurations
B23: Memory | C23: Supported configurations
B24: Storage (Boot) | C24: Supported configurations
B25: Storage vSAN-OSA (Cache) | C25: Supported configurations
B26: Storage vSAN-OSA(Capacity) | C26: Supported configurations
B27: Storage vSAN-ESA | C27: Supported configurations
B28: Storage NFS | C28: Supported configurations
B29: Storage FC | C29: Supported configurations
B30: NICs per server | C30: - One 10 GbE NICs - One 1 GbE BMC NIC | D30: Single NIC is supported with API Only VI Workload Domain: Supports a maximum of 64 x pNICs per host 25GbE NICs are recommended for vSAN ESA
B32: Network Requirements
B33: Configuration | C33: Feature | D33: Notes
B34: Physical Network | C34: Jumbo frames | D34: Required for the following traffic types: - vSAN - vSphere vMotion - ESX Host Overlay - NSX Edge Overlay - NFS
C35: BGP adjacency and BGP autonomous system (AS) numbers | D35: Required for Dynamic routing in the SDDC
C36: Teaming Configurations | D36: Use teaming options within vSphere Distributed Switch to provide load-balancing and failover.
C37: Multi-path routing | D37: Verfiy that Equal-cost multi-path routing (ECMP) is supported on interfaces between NSX Edge uplinks and Top-of Rack Switchs (ToRs)
C38: Stretched Network Requirements (Multiple Availability Zone Environments Only) | D38: Verify that routing is in place between ESXI Management IP subnets of Availability Zone 1 (AZ1) and Availability Zone 2 (AZ2). Verify that the following networks from AZ1 are are stretched across the two availability zones. - VM Management network - Uplink01 (If NSX Centralized Connectivity is enabled for Management Domain, or Centralized Connectivity is enabled for Workload Domain) - Uplink02 (If NSX Centralized Connectivity is enabled for Management Domain, or Centralized Connectivity is enabled for Workload Domain) - Edge Overlay (If NSX Centralized Connectivity is enabled for Management Domain, or Centralized Connectivity is enabled for Workload Domain)
B40: VMware Software, Scripts, and Tools
B41: Software | C41: Download Location | D41: Download | E41: Notes
B42: VMware Cloud Foundation Installer | C42: support.broadcom.com | D42: VCF-SDDC-Manager-Appliance-9.0.x.0.xxxxxxxx
B43: Certificate generation utility for VMware Validated Solutions | C43: VMware Knowledge Base article 85527 | D43: CertGenVVS | E43: Use this tool to generate Certificate Signing Request (CSR), OpenSSL CA-signed certificates, and Microsoft CA-signed certificates for all VMware products that are included in the VMware Validated Design. In the context of VMware Validated Solutions, use the CertGenVVS tool to save time in creating signed certificates.
B44: vSAN Witness Appliance | C44: support.broadcom.com | D44: VMware-VirtualSAN-Witness-x.x.x-xxxxxxxx.ova | E44: You use this when deploying a witness appliance to a different fault domain when adding secodary availability zones.
B46: Third Party Software
B47: Software | C47: Vendor | D47: Product / Version | E47: Notes
B48: Virtual Infrastructure | C48: Any Supported | D48: Operating system for VMware vSphere® deployment. | E48: A host machine in the data center that has access to the ESXi management and VM Management Network.
B50: Active Directory
B51: Active Directory Element | C51: Domain Instance | D51: Rainpole | E51: Notes
B52: Active Directory Forest Configuration | C52: Parent Active Directory | D52: rainpole.io | E52: Contains Domain Name System (DNS) server, time server, SDDC users, local and global groups. Contains DNS records that replicate to all DNS servers in the forest.
B53: Active Directory Users and Groups | E53: All user accounts and groups from the Active Directory Inputs tab must exist in the Active Directory before installing and configuring the SDDC.
B54: Active Directory Connectivity | E54: All Active Directory domain controllers must be accessible by all management components within the SDDC.
B55: Active Directory Version | E55: Windows Server 2019 and Windows Server 2022 are supported.
B57: DHCP
B58: Configuration | C58: Notes
B59: DHCP Server (Optional) | C59: The subnet and associated VLAN that provides IPv4 transport for the ESXi Host Overlay VMkernel ports can be configured for IPv4 address auto-assignment by using DHCP. You will need 1 IP address per NIC, per host available in the DHCP scope e.g a 4 node cluster with 2 NICs per node would require a minimum of 8 IP addresses in the DHCP scope.
B61: DNS
B62: Configuration | C62: Domain Instance | D62: Entries | E62: Notes
B63: DNS host entries | C63: Parent Instance | D63: Contains DNS Entries for Parent Domain | E63: DNS Entries resides in the parent domain.
C64: Child Instances | D64: Contain DNS Entries for Respective Child Domains | E64: Configure both DNS servers with the following settings - Create PTR and A Records for all FQDNS listed in the Management Domain Creation, Workload Domain Creation and Cluster Creation Tabs - FQDNS and IP Address must be unique - Dynamic updates for the domain set to Nonsecure and secure. - Zone replication scope for the domain set to All DNS server in this forest.
B65: DNS Configuration | C65: All Instances | E65: Configure a DNS Canonical Name (CNAME) record that maps the two time sources to one DNS name.
B67: NTP
B68: Configuration | C68: Target | D68: Notes
B69: NTP Sources | D69: An NTP source, for Rainpole, must be available and accessible from all nodes of the SDDC. Use the ToR switches in the Management Workload Domain as the NTP servers or the upstream physical router. These switches must synchronize with different upstream NTP servers and provide time synchronization capabilities in the SDDC. As a best practice, make the NTP servers available under a friendly FQDN, for Rainpole, ntp.sfo.rainpole.io.
B70: NTP Configuration | C70: ESXi hosts AD domain controllers Virtual appliances of the management applications | D70: Configure two time sources per instance that are external to the SDDC. These sources can be physical radio or GPS time servers, or even NTP servers running on physical routers or servers. You may share the same time sources across instances if they are part of the same fault domain / location. Different time sources should be used if the instances are in different fault domains / locations. Within DNS, ensure that you have two identical hostnames referencing the individual IP addresses of your time sources, and one CNAME that references the identical hostname. This provides round robin high availablity via a single FQDN which is important when setting NTP on Cross-Instance components. Also consider placing the individual NTP servers on different networks to further improve high availability e.g. A Records ntpserver.sfo.rainpole.io -> 172.16.10.251 ntpserver.sfo.rainpole.io -> 172.16.30.251 CNAME ntp.sfo.rainpole.io -> ntpserver.sfo.rainpole.io If desired have two additional A Records for direct management of the NTP servers via FQDN e.g A Records ntp0.sfo.rainpole.io -> 172.16.10.251 ntp1.sfo.rainpole.io -> 172.16.30.251 Ensure that the external time servers are synchronized to different time sources to ensure desirable NTP dispersion. Ensure that NTP is configured properly in your Microsoft Active Directory Domain. See https://blogs.technet.microsoft.com/nepapfe/2013/03/01/its-simple-time-configuration-in-active-directory/ and https://blogs.technet.microsoft.com/nepapfe/2013/03/01/its-simple-time-configuration-in-active-directory/
B72: SMTP Mail Relay
B73: Configuration | C73: Notes
B74: SMTP mail relay | C74: A mail relay instance, must be reachable from each SDDC component. As a best practice, limit the relay function to the management IP range(s) of the SDDC deployment.
B76: Certificate Authority
B77: Configuration | C77: Notes
B78: Certificate Authority | C78: CA must be able to ingest a Certificate Signing Request (CSR) from the SDDC components and issue a signed certificate. Microsoft CAs must support basic authentication.
B80: SFTP Server
B81: Configuration | C81: Notes
B82: SFTP Server | C82: An SFTP server must be used to provide backups for VMware NSX-T Data Center instances and SDDC Manager which is configured through SDDC Manager.
B84: Host Machine Access
B85: Configuration | C85: Notes
B86: Host Machine Access | C86: A virtual machine or physical server must be available to that is permitted to route to - ESXi Management networks - Internet for software downloads

Sheet VCF & VVF Planning
B2: VMware Cloud Foundation and VMware vSphere Foundation Planning
B3: Use this page to select your options for a VMware Cloud Foundation Deployment | M3: =pnp_version_number -> v1.9.0.007
B6: VMware Values
B7: At VMware we value inclusion. To foster this principle within our customer, partner, and internal community, we are replacing some of the terminology in our content. We have updated this document to remove instances of non-inclusive language.
J9: Version
J10: VMware Cloud Foundation
J11: =IF(vcf_version_chosen="No Version Selected","Select Version",vcf_version_chosen) -> 9.0.2.0
J14: Deployment Type
J15: Select Option | K15: Feature | L15: Final Result | M15: Information
J16: 9.0.2.0 | K16: =CONCATENATE(mgmt_domain_deployment_type_chosen," Deployment Version") -> VMware Cloud Foundation Deployment Version | L16: =IF(vcf_version_chosen="No Version Selected","Excluded","Included") -> Included | M16: =IF(vcf_version_result="Excluded",CONCATENATE("Cause: ",mgmt_domain_deployment_type_chosen, " Deployment Version is not selected"),CONCATENATE(mgmt_domain_deployment_type_chosen," Version ",vcf_version," selected")) -> VMware Cloud Foundation Version 9.0.2.0 selected
J17: VMware Cloud Foundation | K17: Deployment Specification | L17: =IF(vcf_version_chosen="No Version Selected","Excluded","Included") -> Included | M17: =IF(vcf_version_result="Excluded",CONCATENATE("Cause: ",mgmt_domain_deployment_type_chosen, " Deployment Version is not selected"),IF(mgmt_domain_deployment_type_chosen="VMware Cloud Foundation","VMware Cloud Foundation Private Cloud will be deployed","VMware vSphere Foundation will be deployed")) -> VMware Cloud Foundation Private Cloud will be deployed
J18: Additional Instance | K18: Instance to perform operation on | L18: =IF(vcf_version_chosen="No Version Selected","Excluded",IF(mgmt_domain_deployment_type_chosen="VMware vSphere Foundation","Excluded",IF(mgmt_domain_chosen="Deploy a new VCF fleet","Included","Included"))) -> Included | M18: =IF(vcf_version_result="Excluded",CONCATENATE("Cause: ",mgmt_domain_deployment_type_chosen, " Deployment Version is not selected"),IF(mgmt_domain_deployment_type_chosen="VMware vSphere Foundation","Option not required for deployment specification type",IF(mgmt_domain_chosen="First Instance","Operation will be performed on the First VCF Instance","Operation will be performed on an additional VCF Instance"))) -> Operation will be performed on an additional VCF Instance
J19: Deploy a VCF Instance in an existing VCF fleet | K19: Operation to be performed | L19: =IF(vcf_version_chosen="No Version Selected","Excluded", IF(AND(mgmt_domain_deployment_type_chosen="VMware vSphere Foundation",vcf_granular_option_chosen="Create VI Workload Domain"),"Excluded", IF(AND(mgmt_domain_deployment_type_chosen="VMware vSphere Foundation",vcf_granular_option_chosen="Create Cluster"),"Excluded", IF(AND(mgmt_domain_deployment_type_chosen="VMware Cloud Foundation",vcf_granular_option_chosen="VMware vSphere Foundation Deployment"),"Excluded", IF(vcf_granular_option_chosen="None Chosen","Excluded","Included"))))) -> Included | M19: =IF(vcf_version_result="Excluded",CONCATENATE("Cause: ",mgmt_domain_deployment_type_chosen," Deployment Version is not selected"), IF(AND(mgmt_domain_deployment_type_chosen="VMware vSphere Foundation",vcf_granular_option_chosen="Create VI Workload Domain"),"Option not supported for deployment specification type", IF(AND(mgmt_domain_deployment_type_chosen="VMware vSphere Foundation",vcf_granular_option_chosen="Create Cluster"),"Option not supported for deployment specification type", IF(AND(mgmt_domain_deployment_type_chosen="VMware Cloud Foundation",vcf_granular_option_chosen="VMware vSphere Foundation Deployment"),"Option not supported for deployment specification type", IF(vcf_granular_option_chosen="None Chosen","No Deployment Type Chosen",IF(vcf_granular_option_chosen="Deploy a new VCF fleet","VMware Cloud Foundation Installer will deploy a new VCF fleet", IF(vcf_granular_option_chosen="Deploy a VCF Instance in an existing VCF fleet","VMware Cloud Foundation Installer will deploy a new VCF Instance in an existing VCF fleet", IF(vcf_granular_option_chosen="Create Cluster","A cluster will be added to an existing Workload Domain", IF(vcf_granular_option_chosen="Create VI Workload Domain","A VI Workload Domain will be added on an exsiting VCF Instance", IF(vcf_granular_option_chosen="VMware vSphere Foundation Deployment","Deploy a new VMware vSphere Foundation Cluster","")))))))))) -> VMware Cloud Foundation Installer will deploy a new VCF Instance in an existing VCF fleet

Sheet Management Domain Sizing
B2: VMware Cloud Foundation Management Domain Sizing Inputs
B6: Management Domain Assumptions | G6: Management Domain Virtual Machine Requirement Summary | O6: Host Requirement Summary | U6: Notes
B7: Component | E7: Value | G7: Component | J7: Nodes | K7: vCPU | L7: RAM (GB) | M7: Disk (GB) | O7: Management Hosts | R7: Number of Hosts | U7: General Guidance • Configure the Assumptions and Host parameters according to your preference. Set VCF Operations and Automation Deployment models and Sizes according to your requirements. Include Identity Broker if you plan to configure VCF Authentication using the Identity Broker appliance. • The over-subscription ratio maximums of 2:1 are designed to ensure a performant management domain for most deployments. Regardless of the ratios you choose, you should monitor the platform continuously and add hardware if consistent performance bottlenecks are observed • Appliance sizes are listed per appliance. Totals are calculated in the requirements summary table • vSAN and Non-vSAN storage Space capacity requirements are both listed as VCF 9.0 Supports Non-vSAN Storage in the Management Domain vSphere and NSX Sizing • As each workload domain requires additional vSphere and, optionally, NSX components to be deployed, this tab allows you to correctly calculate the requirements for your management domain by selecting the intended number and profile of workload domains you plan to deploy. • This workbook allows for gathering inputs for the management domain and the first workload domain only (w01). To gather inputs for subsequent workload domains (w02 through w24), you should use separate copies of this file for each domain. • The management domain is mandatory and cannot be deselected. Its NSX Manager instance is required and dedicated. • The NSX instance for the first workload domain is mandatory, subsequent workload domains may share this instance or deploy a dedicated instance. • A maximum of four NSX Local Manager instances may be federated by a single NSX Global Manager instance. This includes inter-region and intra-region NSX Local Manager instances. Factor in this maximum when deciding whether to include Global Manager resources for a new workload domain. VCF Operations and Automation Sizing • If VCF Operations is already existing, then sizing input is not required for VCF Operations and VCF Automation • Appliance Deployment Model sets the HA deployment model for VCF Operations and VCF Automation Security Service Platform: SSPI = Security Services Platform Installer; SSP = Security Services Platform Medium = 1 SSPI + 3 SSP Controller Nodes + 5 SSP Worker Nodes; Large = 1 SSPI + 3 SSP Controller Nodes + 8 SSP Worker Node; X-Large = 1 SSPI + 3 SSP Controller Nodes + 10 SSP Worker Nodes
B8: Host and Operations Reserve (%) | E8: 30 | G8: SDDC Manager | J8: 1 | K8: =sizing_sddc_manager_cpu -> 4 | L8: =sizing_sddc_manager_ram -> 16 | M8: =sizing_sddc_manager_disk -> 914 | O8: Hosts count based on User Specification | R8: {=IF(OR(H32="Mandatory - HA Cluster",sizing_vcfops_deployment_model_chosen="Deploy HA",sizing_vcfvidb_chosen="Deploy HA"),MAX(4,(ROUNDUP(((SUM(K8:K27)/sizing_cpu_oversubscription)/sizing_mgmt_cluster_host_core_count),0)),((ROUNDUP((SUM(L8:L27/sizing_ram_oversubscription)/sizing_mgmt_cluster_host_ram_count),0))+1)), IF(OR(sizing_storage_type="vSAN-ESA",sizing_storage_type="vSAN-OSA"),MAX(3,(ROUNDUP(((SUM(K8:K27)/sizing_cpu_oversubscription)/sizing_mgmt_cluster_host_core_count),0)),((ROUNDUP((SUM(L8:L27/sizing_ram_oversubscription)/sizing_mgmt_cluster_host_ram_count),0))+1)),MAX(2,(ROUNDUP(((SUM(K8:K27)/sizing_cpu_oversubscription)/sizing_mgmt_cluster_host_core_count),0)),((ROUNDUP((SUM(L8:L27/sizing_ram_oversubscription)/sizing_mgmt_cluster_host_ram_count),0))+1))))} -> 4
B9: Storage Estimated Growth (%) | E9: 10 | G9: Management Domain vSphere Cluster Services | J9: 2 | K9: 2 | L9: 1 | M9: 0 | O9: CPU usage Per Host (based on N-1 hosts) | R9: =CONCATENATE(ROUNDUP(SUM(K8:K27)/(calculated_mgmt_host_count-1)/sizing_cpu_oversubscription,0)," CPUs") -> 10 CPUs
G10: Management Domain vCenter Server | J10: 1 | K10: =IF(sizing_m01_included="Included",VLOOKUP(D32,table_vcenter_appliance_cpu,2,FALSE),0) -> 8 | L10: =IF(sizing_m01_included="Included",VLOOKUP(D32,table_vcenter_appliance_ram,2,FALSE),0) -> 30 | M10: =IF(sizing_m01_included="Included",VLOOKUP(CONCATENATE(D32,F32),table_vcenter_disk_gb,2,FALSE),0) -> 908 | O10: RAM usage Per Host (based on N-1 hosts) | R10: =CONCATENATE(ROUNDUP(SUM(L8:L27)/(calculated_mgmt_host_count-1)/sizing_ram_oversubscription,0)," GB RAM") -> 69 GB RAM
B11: Management Domain Host Parameters | G11: Management Domain NSX Managers (Local Global) | J11: =SUM(IF(H32="Mandatory - Single Node",1,3),IF(sizing_m01_nsxt_gm_appliance_size<>"Excluded",3,0)) -> 6 | K11: =SUM(PRODUCT(VLOOKUP(sizing_m01_nsxt_appliance_size,table_nsxt_manager_cpu,2,FALSE),IF(H32="Mandatory - HA Cluster",3,1)),(PRODUCT(IF(sizing_m01_nsxt_gm_appliance_size<>"Excluded",VLOOKUP(sizing_m01_nsxt_gm_appliance_size,table_nsxt_manager_cpu,2,FALSE),0),3))) -> 36 | L11: =SUM(PRODUCT(VLOOKUP(sizing_m01_nsxt_appliance_size,table_nsxt_manager_ram,2,FALSE),IF(H32="Mandatory - HA Cluster",3,1)),(PRODUCT(IF(sizing_m01_nsxt_gm_appliance_size<>"Excluded",VLOOKUP(sizing_m01_nsxt_gm_appliance_size,table_nsxt_manager_ram,2,FALSE),0),3))) -> 144 | M11: =SUM(PRODUCT(VLOOKUP(sizing_m01_nsxt_appliance_size,table_nsxt_manager_disk_gb,2,FALSE),IF(H32="Mandatory - HA Cluster",3,1)),(PRODUCT(IF(sizing_m01_nsxt_gm_appliance_size<>"Excluded",VLOOKUP(sizing_m01_nsxt_gm_appliance_size,table_nsxt_manager_disk_gb,2,FALSE),0),3))) -> 1800
B12: Attribute | E12: Value | G12: Management Domain NSX Edges | J12: =IF(sizing_m01_nsxt_edge_size<>"Excluded",2,0) -> 2 | K12: =PRODUCT(IF(AND(sizing_m01_nsxt_edge_size<>"Excluded",sizing_m01_included="Included"),VLOOKUP(sizing_m01_nsxt_edge_size,table_nsxt_edge_cpu,2,FALSE),0),J12) -> 8 | L12: =PRODUCT(IF(AND(sizing_m01_nsxt_edge_size<>"Excluded",sizing_m01_included="Included"),VLOOKUP(sizing_m01_nsxt_edge_size,table_nsxt_edge_ram,2,FALSE),0),2) -> 16 | M12: =PRODUCT(IF(AND(sizing_m01_nsxt_edge_size<>"Excluded",sizing_m01_included="Included"),VLOOKUP(sizing_m01_nsxt_edge_size,table_nsxt_edge_disk_gb,2,FALSE),0),J12) -> 400 | O12: vSAN Storage Requirements if used as Primary Storage
B13: CPU Cores | E13: 64 | G13: Management Domain AVI Load Balancer | J13: =IF(sizing_mgmt_avi_lb_appliance_size="Excluded",0,3) -> 0 | K13: =IF(sizing_mgmt_avi_lb_appliance_size="Excluded",0,PRODUCT(J13,IF(AND(sizing_m01_included="Included",sizing_mgmt_avi_lb_appliance_size<>"Excluded"),VLOOKUP(sizing_mgmt_avi_lb_appliance_size,table_avi_lb_cpu,2,FALSE),0))) -> 0 | L13: =IF(sizing_mgmt_avi_lb_appliance_size="Excluded",0,PRODUCT(J13,IF(AND(sizing_m01_included="Included",sizing_mgmt_avi_lb_appliance_size<>"Excluded"),VLOOKUP(sizing_mgmt_avi_lb_appliance_size,table_avi_lb_ram,2,FALSE),0))) -> 0 | M13: =IF(sizing_mgmt_avi_lb_appliance_size="Excluded",0,PRODUCT(J13,IF(AND(sizing_m01_included="Included",sizing_mgmt_avi_lb_appliance_size<>"Excluded"),VLOOKUP(sizing_mgmt_avi_lb_appliance_size,table_avi_lb_disk,2,FALSE),0))) -> 0 | O13: vSAN Storage Type | R13: NFS
B14: RAM Count (GB) | E14: 384 | G14: Management Workload Security Services Platform | J14: =IF(sizing_m01_ssp_chosen="Medium",9,IF(sizing_m01_ssp_chosen="Large",12,IF(sizing_m01_ssp_chosen="X-Large",14,0))) -> 0 | K14: =IF(sizing_m01_ssp_chosen<>"Excluded",VLOOKUP(sizing_m01_ssp_chosen,table_ssp_cpu,2,FALSE),0) -> 0 | L14: =IF(sizing_m01_ssp_chosen<>"Excluded",VLOOKUP(sizing_m01_ssp_chosen,table_ssp_ram,2,FALSE),0) -> 0 | M14: =IF(sizing_m01_ssp_chosen<>"Excluded",VLOOKUP(sizing_m01_ssp_chosen,table_ssp_disk,2,FALSE),0) -> 0 | O14: Component | R14: GB
B15: CPU Oversubscription (X:1) | E15: 2 | G15: Workload Domain vCenter Servers | J15: =COUNTIF(C36:C59,"Included") -> 0 | K15: =(SUM(IF(sizing_w01_chosen="Included",VLOOKUP(sizing_w01_vcenter_appliance_size,table_vcenter_appliance_cpu,2,FALSE)), IF(sizing_w02_chosen="Included",VLOOKUP(sizing_w02_vcenter_appliance_size,table_vcenter_appliance_cpu,2,FALSE)), IF(sizing_w03_chosen="Included",VLOOKUP(sizing_w03_vcenter_appliance_size,table_vcenter_appliance_cpu,2,FALSE)), IF(sizing_w04_chosen="Included",VLOOKUP(sizing_w04_vcenter_appliance_size,table_vcenter_appliance_cpu,2,FALSE)), IF(sizing_w05_chosen="Included",VLOOKUP(sizing_w05_vcenter_appliance_size,table_vcenter_appliance_cpu,2,FALSE)), IF(sizing_w06_chosen="Included",VLOOKUP(sizing_w06_vcenter_appliance_size,table_vcenter_appliance_cpu,2,FALSE)), IF(sizing_w07_chosen="Included",VLOOKUP(sizing_w07_vcenter_appliance_size,table_vcenter_appliance_cpu,2,FALSE)), IF(sizing_w08_chosen="Included",VLOOKUP(sizing_w08_vcenter_appliance_size,table_vcenter_appliance_cpu,2,FALSE)), IF(sizing_w09_chosen="Included",VLOOKUP(sizing_w09_vcenter_appliance_size,table_vcenter_appliance_cpu,2,FALSE)), IF(sizing_w10_chosen="Included",VLOOKUP(sizing_w10_vcenter_appliance_size,table_vcenter_appliance_cpu,2,FALSE)), IF(sizing_w11_chosen="Included",VLOOKUP(sizing_w11_vcenter_appliance_size,table_vcenter_appliance_cpu,2,FALSE)), IF(sizing_w12_chosen="Included",VLOOKUP(sizing_w12_vcenter_appliance_size,table_vcenter_appliance_cpu,2,FALSE)), IF(sizing_w13_chosen="Included",VLOOKUP(sizing_w13_vcenter_appliance_size,table_vcenter_appliance_cpu,2,FALSE)), IF(sizing_w14_chosen="Included",VLOOKUP(sizing_w14_vcenter_appliance_size,table_vcenter_appliance_cpu,2,FALSE)), IF(sizing_w15_chosen="Included",VLOOKUP(sizing_w15_vcenter_appliance_size,table_vcenter_appliance_cpu,2,FALSE)), IF(sizing_w16_chosen="Included",VLOOKUP(sizing_w16_vcenter_appliance_size,table_vcenter_appliance_cpu,2,FALSE)), IF(sizing_w17_chosen="Included",VLOOKUP(sizing_w17_vcenter_appliance_size,table_vcenter_appliance_cpu,2,FALSE)), IF(sizing_w18_chosen="Included",VLOOKUP(sizing_w18_vcenter_appliance_size,table_vcenter_appliance_cpu,2,FALSE)), IF(sizing_w19_chosen="Included",VLOOKUP(sizing_w19_vcenter_appliance_size,table_vcenter_appliance_cpu,2,FALSE)), IF(sizing_w20_chosen="Included",VLOOKUP(sizing_w20_vcenter_appliance_size,table_vcenter_appliance_cpu,2,FALSE)), IF(sizing_w21_chosen="Included",VLOOKUP(sizing_w21_vcenter_appliance_size,table_vcenter_appliance_cpu,2,FALSE)), IF(sizing_w22_chosen="Included",VLOOKUP(sizing_w22_vcenter_appliance_size,table_vcenter_appliance_cpu,2,FALSE)), IF(sizing_w23_chosen="Included",VLOOKUP(sizing_w23_vcenter_appliance_size,table_vcenter_appliance_cpu,2,FALSE)), IF(sizing_w24_chosen="Included",VLOOKUP(sizing_w24_vcenter_appliance_size,table_vcenter_appliance_cpu,2,FALSE)), )) -> 0 | L15: =SUM(IF(sizing_w01_chosen="Included",VLOOKUP(sizing_w01_vcenter_appliance_size,table_vcenter_appliance_ram,2,FALSE)), IF(sizing_w02_chosen="Included",VLOOKUP(sizing_w02_vcenter_appliance_size,table_vcenter_appliance_ram,2,FALSE)), IF(sizing_w03_chosen="Included",VLOOKUP(sizing_w03_vcenter_appliance_size,table_vcenter_appliance_ram,2,FALSE)), IF(sizing_w04_chosen="Included",VLOOKUP(sizing_w04_vcenter_appliance_size,table_vcenter_appliance_ram,2,FALSE)), IF(sizing_w05_chosen="Included",VLOOKUP(sizing_w05_vcenter_appliance_size,table_vcenter_appliance_ram,2,FALSE)), IF(sizing_w06_chosen="Included",VLOOKUP(sizing_w06_vcenter_appliance_size,table_vcenter_appliance_ram,2,FALSE)), IF(sizing_w07_chosen="Included",VLOOKUP(sizing_w07_vcenter_appliance_size,table_vcenter_appliance_ram,2,FALSE)), IF(sizing_w08_chosen="Included",VLOOKUP(sizing_w08_vcenter_appliance_size,table_vcenter_appliance_ram,2,FALSE)), IF(sizing_w09_chosen="Included",VLOOKUP(sizing_w09_vcenter_appliance_size,table_vcenter_appliance_ram,2,FALSE)), IF(sizing_w10_chosen="Included",VLOOKUP(sizing_w10_vcenter_appliance_size,table_vcenter_appliance_ram,2,FALSE)), IF(sizing_w11_chosen="Included",VLOOKUP(sizing_w11_vcenter_appliance_size,table_vcenter_appliance_ram,2,FALSE)), IF(sizing_w12_chosen="Included",VLOOKUP(sizing_w12_vcenter_appliance_size,table_vcenter_appliance_ram,2,FALSE)), IF(sizing_w13_chosen="Included",VLOOKUP(sizing_w13_vcenter_appliance_size,table_vcenter_appliance_ram,2,FALSE)), IF(sizing_w14_chosen="Included",VLOOKUP(sizing_w14_vcenter_appliance_size,table_vcenter_appliance_ram,2,FALSE)), IF(sizing_w15_chosen="Included",VLOOKUP(sizing_w15_vcenter_appliance_size,table_vcenter_appliance_ram,2,FALSE)), IF(sizing_w16_chosen="Included",VLOOKUP(sizing_w16_vcenter_appliance_size,table_vcenter_appliance_ram,2,FALSE)), IF(sizing_w17_chosen="Included",VLOOKUP(sizing_w17_vcenter_appliance_size,table_vcenter_appliance_ram,2,FALSE)), IF(sizing_w18_chosen="Included",VLOOKUP(sizing_w18_vcenter_appliance_size,table_vcenter_appliance_ram,2,FALSE)), IF(sizing_w19_chosen="Included",VLOOKUP(sizing_w19_vcenter_appliance_size,table_vcenter_appliance_ram,2,FALSE)), IF(sizing_w20_chosen="Included",VLOOKUP(sizing_w20_vcenter_appliance_size,table_vcenter_appliance_ram,2,FALSE)), IF(sizing_w21_chosen="Included",VLOOKUP(sizing_w21_vcenter_appliance_size,table_vcenter_appliance_ram,2,FALSE)), IF(sizing_w22_chosen="Included",VLOOKUP(sizing_w22_vcenter_appliance_size,table_vcenter_appliance_ram,2,FALSE)), IF(sizing_w23_chosen="Included",VLOOKUP(sizing_w23_vcenter_appliance_size,table_vcenter_appliance_ram,2,FALSE)), IF(sizing_w24_chosen="Included",VLOOKUP(sizing_w24_vcenter_appliance_size,table_vcenter_appliance_ram,2,FALSE)), ) -> 0 | M15: =SUM((IF(sizing_w01_chosen="Included",VLOOKUP(CONCATENATE(sizing_w01_vcenter_appliance_size,sizing_w01_vcenter_storage_size),table_vcenter_disk_gb,2,FALSE),0)), IF(sizing_w02_chosen="Included",VLOOKUP(CONCATENATE(sizing_w02_vcenter_appliance_size,sizing_w02_vcenter_storage_size),table_vcenter_disk_gb,2,FALSE),0), IF(sizing_w03_chosen="Included",VLOOKUP(CONCATENATE(sizing_w03_vcenter_appliance_size,sizing_w03_vcenter_storage_size),table_vcenter_disk_gb,2,FALSE),0), IF(sizing_w04_chosen="Included",VLOOKUP(CONCATENATE(sizing_w04_vcenter_appliance_size,sizing_w04_vcenter_storage_size),table_vcenter_disk_gb,2,FALSE),0), IF(sizing_w05_chosen="Included",VLOOKUP(CONCATENATE(sizing_w05_vcenter_appliance_size,sizing_w05_vcenter_storage_size),table_vcenter_disk_gb,2,FALSE),0), IF(sizing_w06_chosen="Included",VLOOKUP(CONCATENATE(sizing_w06_vcenter_appliance_size,sizing_w06_vcenter_storage_size),table_vcenter_disk_gb,2,FALSE),0), IF(sizing_w07_chosen="Included",VLOOKUP(CONCATENATE(sizing_w07_vcenter_appliance_size,sizing_w07_vcenter_storage_size),table_vcenter_disk_gb,2,FALSE),0), IF(sizing_w08_chosen="Included",VLOOKUP(CONCATENATE(sizing_w08_vcenter_appliance_size,sizing_w08_vcenter_storage_size),table_vcenter_disk_gb,2,FALSE),0), IF(sizing_w09_chosen="Included",VLOOKUP(CONCATENATE(sizing_w09_vcenter_appliance_size,sizing_w09_vcenter_storage_size),table_vcenter_disk_gb,2,FALSE),0), IF(sizing_w10_chosen="Included",VLOOKUP(CONCATENATE(sizing_w10_vcenter_appliance_size,sizing_w10_vcenter_storage_size),table_vcenter_disk_gb,2,FALSE),0), IF(sizing_w11_chosen="Included",VLOOKUP(CONCATENATE(sizing_w11_vcenter_appliance_size,sizing_w11_vcenter_storage_size),table_vcenter_disk_gb,2,FALSE),0), IF(sizing_w12_chosen="Included",VLOOKUP(CONCATENATE(sizing_w12_vcenter_appliance_size,sizing_w12_vcenter_storage_size),table_vcenter_disk_gb,2,FALSE),0), IF(sizing_w13_chosen="Included",VLOOKUP(CONCATENATE(sizing_w13_vcenter_appliance_size,sizing_w13_vcenter_storage_size),table_vcenter_disk_gb,2,FALSE),0), IF(sizing_w14_chosen="Included",VLOOKUP(CONCATENATE(sizing_w14_vcenter_appliance_size,sizing_w14_vcenter_storage_size),table_vcenter_disk_gb,2,FALSE),0), IF(sizing_w15_chosen="Included",VLOOKUP(CONCATENATE(sizing_w15_vcenter_appliance_size,sizing_w15_vcenter_storage_size),table_vcenter_disk_gb,2,FALSE),0), IF(sizing_w16_chosen="Included",VLOOKUP(CONCATENATE(sizing_w16_vcenter_appliance_size,sizing_w16_vcenter_storage_size),table_vcenter_disk_gb,2,FALSE),0), IF(sizing_w17_chosen="Included",VLOOKUP(CONCATENATE(sizing_w17_vcenter_appliance_size,sizing_w17_vcenter_storage_size),table_vcenter_disk_gb,2,FALSE),0), IF(sizing_w18_chosen="Included",VLOOKUP(CONCATENATE(sizing_w18_vcenter_appliance_size,sizing_w18_vcenter_storage_size),table_vcenter_disk_gb,2,FALSE),0), IF(sizing_w19_chosen="Included",VLOOKUP(CONCATENATE(sizing_w19_vcenter_appliance_size,sizing_w19_vcenter_storage_size),table_vcenter_disk_gb,2,FALSE),0), IF(sizing_w20_chosen="Included",VLOOKUP(CONCATENATE(sizing_w20_vcenter_appliance_size,sizing_w20_vcenter_storage_size),table_vcenter_disk_gb,2,FALSE),0), IF(sizing_w21_chosen="Included",VLOOKUP(CONCATENATE(sizing_w21_vcenter_appliance_size,sizing_w21_vcenter_storage_size),table_vcenter_disk_gb,2,FALSE),0), IF(sizing_w22_chosen="Included",VLOOKUP(CONCATENATE(sizing_w22_vcenter_appliance_size,sizing_w22_vcenter_storage_size),table_vcenter_disk_gb,2,FALSE),0), IF(sizing_w23_chosen="Included",VLOOKUP(CONCATENATE(sizing_w23_vcenter_appliance_size,sizing_w23_vcenter_storage_size),table_vcenter_disk_gb,2,FALSE),0), IF(sizing_w24_chosen="Included",VLOOKUP(CONCATENATE(sizing_w24_vcenter_appliance_size,sizing_w24_vcenter_storage_size),table_vcenter_disk_gb,2,FALSE),0), ) -> 0 | O15: Virtual Machine Capacity Requirements | R15: =(SUM(M8:M27)) -> 4022
B16: Memory Oversubscription (X:1) | E16: 1 | G16: Workload Domain NSX Managers (Local Global) | J16: =SUM( (IF(AND(sizing_w01_chosen="Included",sizing_w01_nsxt_model<>"Shared"),IF(sizing_w01_nsxt_model="Mandatory - HA Cluster",3,1),0)), (IF(AND(sizing_w02_chosen="Included",sizing_w02_nsxt_model<>"Shared"),IF(sizing_w02_nsxt_model="Dedicated - HA Cluster",3,1),0)), (IF(AND(sizing_w03_chosen="Included",sizing_w03_nsxt_model<>"Shared"),IF(sizing_w03_nsxt_model="Dedicated - HA Cluster",3,1),0)), (IF(AND(sizing_w04_chosen="Included",sizing_w04_nsxt_model<>"Shared"),IF(sizing_w04_nsxt_model="Dedicated - HA Cluster",3,1),0)), (IF(AND(sizing_w05_chosen="Included",sizing_w05_nsxt_model<>"Shared"),IF(sizing_w05_nsxt_model="Dedicated - HA Cluster",3,1),0)), (IF(AND(sizing_w06_chosen="Included",sizing_w06_nsxt_model<>"Shared"),IF(sizing_w06_nsxt_model="Dedicated - HA Cluster",3,1),0)), (IF(AND(sizing_w07_chosen="Included",sizing_w07_nsxt_model<>"Shared"),IF(sizing_w07_nsxt_model="Dedicated - HA Cluster",3,1),0)), (IF(AND(sizing_w08_chosen="Included",sizing_w08_nsxt_model<>"Shared"),IF(sizing_w08_nsxt_model="Dedicated - HA Cluster",3,1),0)), (IF(AND(sizing_w09_chosen="Included",sizing_w09_nsxt_model<>"Shared"),IF(sizing_w09_nsxt_model="Dedicated - HA Cluster",3,1),0)),, (IF(AND(sizing_w10_chosen="Included",sizing_w10_nsxt_model<>"Shared"),IF(sizing_w10_nsxt_model="Dedicated - HA Cluster",3,1),0)), (IF(AND(sizing_w11_chosen="Included",sizing_w11_nsxt_model<>"Shared"),IF(sizing_w11_nsxt_model="Dedicated - HA Cluster",3,1),0)), (IF(AND(sizing_w12_chosen="Included",sizing_w12_nsxt_model<>"Shared"),IF(sizing_w12_nsxt_model="Dedicated - HA Cluster",3,1),0)), (IF(AND(sizing_w13_chosen="Included",sizing_w13_nsxt_model<>"Shared"),IF(sizing_w13_nsxt_model="Dedicated - HA Cluster",3,1),0)), (IF(AND(sizing_w14_chosen="Included",sizing_w14_nsxt_model<>"Shared"),IF(sizing_w14_nsxt_model="Dedicated - HA Cluster",3,1),0)), (IF(AND(sizing_w15_chosen="Included",sizing_w15_nsxt_model<>"Shared"),IF(sizing_w15_nsxt_model="Dedicated - HA Cluster",3,1),0)), (IF(AND(sizing_w16_chosen="Included",sizing_w16_nsxt_model<>"Shared"),IF(sizing_w16_nsxt_model="Dedicated - HA Cluster",3,1),0)), (IF(AND(sizing_w17_chosen="Included",sizing_w17_nsxt_model<>"Shared"),IF(sizing_w17_nsxt_model="Dedicated - HA Cluster",3,1),0)), (IF(AND(sizing_w18_chosen="Included",sizing_w18_nsxt_model<>"Shared"),IF(sizing_w18_nsxt_model="Dedicated - HA Cluster",3,1),0)), (IF(AND(sizing_w19_chosen="Included",sizing_w19_nsxt_model<>"Shared"),IF(sizing_w19_nsxt_model="Dedicated - HA Cluster",3,1),0)), (IF(AND(sizing_w20_chosen="Included",sizing_w20_nsxt_model<>"Shared"),IF(sizing_w20_nsxt_model="Dedicated - HA Cluster",3,1),0)), (IF(AND(sizing_w21_chosen="Included",sizing_w21_nsxt_model<>"Shared"),IF(sizing_w21_nsxt_model="Dedicated - HA Cluster",3,1),0)), (IF(AND(sizing_w22_chosen="Included",sizing_w22_nsxt_model<>"Shared"),IF(sizing_w22_nsxt_model="Dedicated - HA Cluster",3,1),0)), (IF(AND(sizing_w23_chosen="Included",sizing_w23_nsxt_model<>"Shared"),IF(sizing_w23_nsxt_model="Dedicated - HA Cluster",3,1),0)), (IF(AND(sizing_w24_chosen="Included",sizing_w24_nsxt_model<>"Shared"),IF(sizing_w24_nsxt_model="Dedicated - HA Cluster",3,1),0)), (IF(AND(sizing_w01_chosen="Included",OR(sizing_w01_gm_chosen="Active GM",sizing_w01_gm_chosen="Standby GM")),3,0)), (IF(AND(sizing_w02_chosen="Included",OR(sizing_w02_gm_chosen="Active GM",sizing_w02_gm_chosen="Standby GM")),3,0)), (IF(AND(sizing_w03_chosen="Included",OR(sizing_w03_gm_chosen="Active GM",sizing_w03_gm_chosen="Standby GM")),3,0)), (IF(AND(sizing_w04_chosen="Included",OR(sizing_w04_gm_chosen="Active GM",sizing_w04_gm_chosen="Standby GM")),3,0)), (IF(AND(sizing_w05_chosen="Included",OR(sizing_w05_gm_chosen="Active GM",sizing_w05_gm_chosen="Standby GM")),3,0)), (IF(AND(sizing_w06_chosen="Included",OR(sizing_w06_gm_chosen="Active GM",sizing_w06_gm_chosen="Standby GM")),3,0)), (IF(AND(sizing_w07_chosen="Included",OR(sizing_w07_gm_chosen="Active GM",sizing_w07_gm_chosen="Standby GM")),3,0)), (IF(AND(sizing_w08_chosen="Included",OR(sizing_w08_gm_chosen="Active GM",sizing_w08_gm_chosen="Standby GM")),3,0)), (IF(AND(sizing_w09_chosen="Included",OR(sizing_w09_gm_chosen="Active GM",sizing_w09_gm_chosen="Standby GM")),3,0)), (IF(AND(sizing_w10_chosen="Included",OR(sizing_w10_gm_chosen="Active GM",sizing_w10_gm_chosen="Standby GM")),3,0)), (IF(AND(sizing_w11_chosen="Included",OR(sizing_w11_gm_chosen="Active GM",sizing_w11_gm_chosen="Standby GM")),3,0)), (IF(AND(sizing_w12_chosen="Included",OR(sizing_w12_gm_chosen="Active GM",sizing_w12_gm_chosen="Standby GM")),3,0)), (IF(AND(sizing_w13_chosen="Included",OR(sizing_w13_gm_chosen="Active GM",sizing_w13_gm_chosen="Standby GM")),3,0)), (IF(AND(sizing_w14_chosen="Included",OR(sizing_w14_gm_chosen="Active GM",sizing_w14_gm_chosen="Standby GM")),3,0)), (IF(AND(sizing_w15_chosen="Included",OR(sizing_w15_gm_chosen="Active GM",sizing_w15_gm_chosen="Standby GM")),3,0)), (IF(AND(sizing_w16_chosen="Included",OR(sizing_w16_gm_chosen="Active GM",sizing_w16_gm_chosen="Standby GM")),3,0)), (IF(AND(sizing_w17_chosen="Included",OR(sizing_w17_gm_chosen="Active GM",sizing_w17_gm_chosen="Standby GM")),3,0)), (IF(AND(sizing_w18_chosen="Included",OR(sizing_w18_gm_chosen="Active GM",sizing_w18_gm_chosen="Standby GM")),3,0)), (IF(AND(sizing_w19_chosen="Included",OR(sizing_w19_gm_chosen="Active GM",sizing_w19_gm_chosen="Standby GM")),3,0)), (IF(AND(sizing_w20_chosen="Included",OR(sizing_w20_gm_chosen="Active GM",sizing_w20_gm_chosen="Standby GM")),3,0)), (IF(AND(sizing_w21_chosen="Included",OR(sizing_w21_gm_chosen="Active GM",sizing_w21_gm_chosen="Standby GM")),3,0)), (IF(AND(sizing_w22_chosen="Included",OR(sizing_w22_gm_chosen="Active GM",sizing_w22_gm_chosen="Standby GM")),3,0)), (IF(AND(sizing_w23_chosen="Included",OR(sizing_w23_gm_chosen="Active GM",sizing_w23_gm_chosen="Standby GM")),3,0)), (IF(AND(sizing_w24_chosen="Included",OR(sizing_w24_gm_chosen="Active GM",sizing_w24_gm_chosen="Standby GM")),3,0))) -> 0 | K16: =SUM( PRODUCT((IF(AND(sizing_w01_chosen="Included",sizing_w01_nsxt_model<>"Shared"),VLOOKUP(sizing_w01_nsxt_appliance_size,table_nsxt_manager_cpu,2,FALSE),0)),IF(sizing_w01_nsxt_model="Mandatory - HA Cluster",3,1)), PRODUCT((IF(AND(sizing_w02_chosen="Included",sizing_w02_nsxt_model<>"Shared"),VLOOKUP(sizing_w02_nsxt_appliance_size,table_nsxt_manager_cpu,2,FALSE),0)),IF(sizing_w02_nsxt_model="Dedicated - HA Cluster",3,1)), PRODUCT((IF(AND(sizing_w03_chosen="Included",sizing_w03_nsxt_model<>"Shared"),VLOOKUP(sizing_w03_nsxt_appliance_size,table_nsxt_manager_cpu,2,FALSE),0)),IF(sizing_w03_nsxt_model="Dedicated - HA Cluster",3,1)), PRODUCT((IF(AND(sizing_w04_chosen="Included",sizing_w04_nsxt_model<>"Shared"),VLOOKUP(sizing_w04_nsxt_appliance_size,table_nsxt_manager_cpu,2,FALSE),0)),IF(sizing_w04_nsxt_model="Dedicated - HA Cluster",3,1)), PRODUCT((IF(AND(sizing_w05_chosen="Included",sizing_w05_nsxt_model<>"Shared"),VLOOKUP(sizing_w05_nsxt_appliance_size,table_nsxt_manager_cpu,2,FALSE),0)),IF(sizing_w05_nsxt_model="Dedicated - HA Cluster",3,1)), PRODUCT((IF(AND(sizing_w06_chosen="Included",sizing_w06_nsxt_model<>"Shared"),VLOOKUP(sizing_w06_nsxt_appliance_size,table_nsxt_manager_cpu,2,FALSE),0)),IF(sizing_w06_nsxt_model="Dedicated - HA Cluster",3,1)), PRODUCT((IF(AND(sizing_w07_chosen="Included",sizing_w07_nsxt_model<>"Shared"),VLOOKUP(sizing_w07_nsxt_appliance_size,table_nsxt_manager_cpu,2,FALSE),0)),IF(sizing_w07_nsxt_model="Dedicated - HA Cluster",3,1)), PRODUCT((IF(AND(sizing_w08_chosen="Included",sizing_w08_nsxt_model<>"Shared"),VLOOKUP(sizing_w08_nsxt_appliance_size,table_nsxt_manager_cpu,2,FALSE),0)),IF(sizing_w08_nsxt_model="Dedicated - HA Cluster",3,1)), PRODUCT((IF(AND(sizing_w09_chosen="Included",sizing_w09_nsxt_model<>"Shared"),VLOOKUP(sizing_w09_nsxt_appliance_size,table_nsxt_manager_cpu,2,FALSE),0)),IF(sizing_w09_nsxt_model="Dedicated - HA Cluster",3,1)), PRODUCT((IF(AND(sizing_w10_chosen="Included",sizing_w10_nsxt_model<>"Shared"),VLOOKUP(sizing_w10_nsxt_appliance_size,table_nsxt_manager_cpu,2,FALSE),0)),IF(sizing_w10_nsxt_model="Dedicated - HA Cluster",3,1)), PRODUCT((IF(AND(sizing_w11_chosen="Included",sizing_w11_nsxt_model<>"Shared"),VLOOKUP(sizing_w11_nsxt_appliance_size,table_nsxt_manager_cpu,2,FALSE),0)),IF(sizing_w11_nsxt_model="Dedicated - HA Cluster",3,1)), PRODUCT((IF(AND(sizing_w12_chosen="Included",sizing_w12_nsxt_model<>"Shared"),VLOOKUP(sizing_w12_nsxt_appliance_size,table_nsxt_manager_cpu,2,FALSE),0)),IF(sizing_w12_nsxt_model="Dedicated - HA Cluster",3,1)), PRODUCT((IF(AND(sizing_w13_chosen="Included",sizing_w13_nsxt_model<>"Shared"),VLOOKUP(sizing_w13_nsxt_appliance_size,table_nsxt_manager_cpu,2,FALSE),0)),IF(sizing_w13_nsxt_model="Dedicated - HA Cluster",3,1)), PRODUCT((IF(AND(sizing_w14_chosen="Included",sizing_w14_nsxt_model<>"Shared"),VLOOKUP(sizing_w14_nsxt_appliance_size,table_nsxt_manager_cpu,2,FALSE),0)),IF(sizing_w14_nsxt_model="Dedicated - HA Cluster",3,1)), PRODUCT((IF(AND(sizing_w15_chosen="Included",sizing_w15_nsxt_model<>"Shared"),VLOOKUP(sizing_w15_nsxt_appliance_size,table_nsxt_manager_cpu,2,FALSE),0)),IF(sizing_w15_nsxt_model="Dedicated - HA Cluster",3,1)), PRODUCT((IF(AND(sizing_w16_chosen="Included",sizing_w16_nsxt_model<>"Shared"),VLOOKUP(sizing_w16_nsxt_appliance_size,table_nsxt_manager_cpu,2,FALSE),0)),IF(sizing_w16_nsxt_model="Dedicated - HA Cluster",3,1)), PRODUCT((IF(AND(sizing_w17_chosen="Included",sizing_w17_nsxt_model<>"Shared"),VLOOKUP(sizing_w17_nsxt_appliance_size,table_nsxt_manager_cpu,2,FALSE),0)),IF(sizing_w17_nsxt_model="Dedicated - HA Cluster",3,1)), PRODUCT((IF(AND(sizing_w18_chosen="Included",sizing_w18_nsxt_model<>"Shared"),VLOOKUP(sizing_w18_nsxt_appliance_size,table_nsxt_manager_cpu,2,FALSE),0)),IF(sizing_w18_nsxt_model="Dedicated - HA Cluster",3,1)), PRODUCT((IF(AND(sizing_w19_chosen="Included",sizing_w19_nsxt_model<>"Shared"),VLOOKUP(sizing_w19_nsxt_appliance_size,table_nsxt_manager_cpu,2,FALSE),0)),IF(sizing_w19_nsxt_model="Dedicated - HA Cluster",3,1)), PRODUCT((IF(AND(sizing_w20_chosen="Included",sizing_w20_nsxt_model<>"Shared"),VLOOKUP(sizing_w20_nsxt_appliance_size,table_nsxt_manager_cpu,2,FALSE),0)),IF(sizing_w20_nsxt_model="Dedicated - HA Cluster",3,1)), PRODUCT((IF(AND(sizing_w21_chosen="Included",sizing_w21_nsxt_model<>"Shared"),VLOOKUP(sizing_w21_nsxt_appliance_size,table_nsxt_manager_cpu,2,FALSE),0)),IF(sizing_w21_nsxt_model="Dedicated - HA Cluster",3,1)), PRODUCT((IF(AND(sizing_w22_chosen="Included",sizing_w22_nsxt_model<>"Shared"),VLOOKUP(sizing_w22_nsxt_appliance_size,table_nsxt_manager_cpu,2,FALSE),0)),IF(sizing_w22_nsxt_model="Dedicated - HA Cluster",3,1)), PRODUCT((IF(AND(sizing_w23_chosen="Included",sizing_w23_nsxt_model<>"Shared"),VLOOKUP(sizing_w23_nsxt_appliance_size,table_nsxt_manager_cpu,2,FALSE),0)),IF(sizing_w23_nsxt_model="Dedicated - HA Cluster",3,1)), PRODUCT((IF(AND(sizing_w24_chosen="Included",sizing_w24_nsxt_model<>"Shared"),VLOOKUP(sizing_w24_nsxt_appliance_size,table_nsxt_manager_cpu,2,FALSE),0)),IF(sizing_w24_nsxt_model="Dedicated - HA Cluster",3,1)),'Static Reference Tables'!D71) -> 0 | L16: =SUM( PRODUCT((IF(AND(sizing_w01_chosen="Included",sizing_w01_nsxt_model<>"Shared"),VLOOKUP(sizing_w01_nsxt_appliance_size,table_nsxt_manager_ram,2,FALSE),0)),IF(sizing_w01_nsxt_model="Mandatory - HA Cluster",3,1)), PRODUCT((IF(AND(sizing_w02_chosen="Included",sizing_w02_nsxt_model<>"Shared"),VLOOKUP(sizing_w02_nsxt_appliance_size,table_nsxt_manager_ram,2,FALSE),0)),IF(sizing_w02_nsxt_model="Dedicated - HA Cluster",3,1)), PRODUCT((IF(AND(sizing_w03_chosen="Included",sizing_w03_nsxt_model<>"Shared"),VLOOKUP(sizing_w03_nsxt_appliance_size,table_nsxt_manager_ram,2,FALSE),0)),IF(sizing_w03_nsxt_model="Dedicated - HA Cluster",3,1)), PRODUCT((IF(AND(sizing_w04_chosen="Included",sizing_w04_nsxt_model<>"Shared"),VLOOKUP(sizing_w04_nsxt_appliance_size,table_nsxt_manager_ram,2,FALSE),0)),IF(sizing_w04_nsxt_model="Dedicated - HA Cluster",3,1)), PRODUCT((IF(AND(sizing_w05_chosen="Included",sizing_w05_nsxt_model<>"Shared"),VLOOKUP(sizing_w05_nsxt_appliance_size,table_nsxt_manager_ram,2,FALSE),0)),IF(sizing_w05_nsxt_model="Dedicated - HA Cluster",3,1)), PRODUCT((IF(AND(sizing_w06_chosen="Included",sizing_w06_nsxt_model<>"Shared"),VLOOKUP(sizing_w06_nsxt_appliance_size,table_nsxt_manager_ram,2,FALSE),0)),IF(sizing_w06_nsxt_model="Dedicated - HA Cluster",3,1)), PRODUCT((IF(AND(sizing_w07_chosen="Included",sizing_w07_nsxt_model<>"Shared"),VLOOKUP(sizing_w07_nsxt_appliance_size,table_nsxt_manager_ram,2,FALSE),0)),IF(sizing_w07_nsxt_model="Dedicated - HA Cluster",3,1)), PRODUCT((IF(AND(sizing_w08_chosen="Included",sizing_w08_nsxt_model<>"Shared"),VLOOKUP(sizing_w08_nsxt_appliance_size,table_nsxt_manager_ram,2,FALSE),0)),IF(sizing_w08_nsxt_model="Dedicated - HA Cluster",3,1)), PRODUCT((IF(AND(sizing_w09_chosen="Included",sizing_w09_nsxt_model<>"Shared"),VLOOKUP(sizing_w09_nsxt_appliance_size,table_nsxt_manager_ram,2,FALSE),0)),IF(sizing_w09_nsxt_model="Dedicated - HA Cluster",3,1)), PRODUCT((IF(AND(sizing_w10_chosen="Included",sizing_w10_nsxt_model<>"Shared"),VLOOKUP(sizing_w10_nsxt_appliance_size,table_nsxt_manager_ram,2,FALSE),0)),IF(sizing_w10_nsxt_model="Dedicated - HA Cluster",3,1)), PRODUCT((IF(AND(sizing_w11_chosen="Included",sizing_w11_nsxt_model<>"Shared"),VLOOKUP(sizing_w11_nsxt_appliance_size,table_nsxt_manager_ram,2,FALSE),0)),IF(sizing_w11_nsxt_model="Dedicated - HA Cluster",3,1)), PRODUCT((IF(AND(sizing_w12_chosen="Included",sizing_w12_nsxt_model<>"Shared"),VLOOKUP(sizing_w12_nsxt_appliance_size,table_nsxt_manager_ram,2,FALSE),0)),IF(sizing_w12_nsxt_model="Dedicated - HA Cluster",3,1)), PRODUCT((IF(AND(sizing_w13_chosen="Included",sizing_w13_nsxt_model<>"Shared"),VLOOKUP(sizing_w13_nsxt_appliance_size,table_nsxt_manager_ram,2,FALSE),0)),IF(sizing_w13_nsxt_model="Dedicated - HA Cluster",3,1)), PRODUCT((IF(AND(sizing_w14_chosen="Included",sizing_w14_nsxt_model<>"Shared"),VLOOKUP(sizing_w14_nsxt_appliance_size,table_nsxt_manager_ram,2,FALSE),0)),IF(sizing_w14_nsxt_model="Dedicated - HA Cluster",3,1)), PRODUCT((IF(AND(sizing_w15_chosen="Included",sizing_w15_nsxt_model<>"Shared"),VLOOKUP(sizing_w15_nsxt_appliance_size,table_nsxt_manager_ram,2,FALSE),0)),IF(sizing_w15_nsxt_model="Dedicated - HA Cluster",3,1)), PRODUCT((IF(AND(sizing_w16_chosen="Included",sizing_w16_nsxt_model<>"Shared"),VLOOKUP(sizing_w16_nsxt_appliance_size,table_nsxt_manager_ram,2,FALSE),0)),IF(sizing_w16_nsxt_model="Dedicated - HA Cluster",3,1)), PRODUCT((IF(AND(sizing_w17_chosen="Included",sizing_w17_nsxt_model<>"Shared"),VLOOKUP(sizing_w17_nsxt_appliance_size,table_nsxt_manager_ram,2,FALSE),0)),IF(sizing_w17_nsxt_model="Dedicated - HA Cluster",3,1)), PRODUCT((IF(AND(sizing_w18_chosen="Included",sizing_w18_nsxt_model<>"Shared"),VLOOKUP(sizing_w18_nsxt_appliance_size,table_nsxt_manager_ram,2,FALSE),0)),IF(sizing_w18_nsxt_model="Dedicated - HA Cluster",3,1)), PRODUCT((IF(AND(sizing_w19_chosen="Included",sizing_w19_nsxt_model<>"Shared"),VLOOKUP(sizing_w19_nsxt_appliance_size,table_nsxt_manager_ram,2,FALSE),0)),IF(sizing_w19_nsxt_model="Dedicated - HA Cluster",3,1)), PRODUCT((IF(AND(sizing_w20_chosen="Included",sizing_w20_nsxt_model<>"Shared"),VLOOKUP(sizing_w20_nsxt_appliance_size,table_nsxt_manager_ram,2,FALSE),0)),IF(sizing_w20_nsxt_model="Dedicated - HA Cluster",3,1)), PRODUCT((IF(AND(sizing_w21_chosen="Included",sizing_w21_nsxt_model<>"Shared"),VLOOKUP(sizing_w21_nsxt_appliance_size,table_nsxt_manager_ram,2,FALSE),0)),IF(sizing_w21_nsxt_model="Dedicated - HA Cluster",3,1)), PRODUCT((IF(AND(sizing_w22_chosen="Included",sizing_w22_nsxt_model<>"Shared"),VLOOKUP(sizing_w22_nsxt_appliance_size,table_nsxt_manager_ram,2,FALSE),0)),IF(sizing_w22_nsxt_model="Dedicated - HA Cluster",3,1)), PRODUCT((IF(AND(sizing_w23_chosen="Included",sizing_w23_nsxt_model<>"Shared"),VLOOKUP(sizing_w23_nsxt_appliance_size,table_nsxt_manager_ram,2,FALSE),0)),IF(sizing_w23_nsxt_model="Dedicated - HA Cluster",3,1)), PRODUCT((IF(AND(sizing_w24_chosen="Included",sizing_w24_nsxt_model<>"Shared"),VLOOKUP(sizing_w24_nsxt_appliance_size,table_nsxt_manager_ram,2,FALSE),0)),IF(sizing_w24_nsxt_model="Dedicated - HA Cluster",3,1)),'Static Reference Tables'!D72) -> 0 | M16: =SUM( PRODUCT((IF(AND(sizing_w01_chosen="Included",sizing_w01_nsxt_model<>"Shared"),VLOOKUP(sizing_w01_nsxt_appliance_size,table_nsxt_manager_disk_gb,2,FALSE),0)),IF(sizing_w01_nsxt_model="Mandatory - HA Cluster",3,1)), PRODUCT((IF(AND(sizing_w02_chosen="Included",sizing_w02_nsxt_model<>"Shared"),VLOOKUP(sizing_w02_nsxt_appliance_size,table_nsxt_manager_disk_gb,2,FALSE),0)),IF(sizing_w02_nsxt_model="Dedicated - HA Cluster",3,1)), PRODUCT((IF(AND(sizing_w03_chosen="Included",sizing_w03_nsxt_model<>"Shared"),VLOOKUP(sizing_w03_nsxt_appliance_size,table_nsxt_manager_disk_gb,2,FALSE),0)),IF(sizing_w03_nsxt_model="Dedicated - HA Cluster",3,1)), PRODUCT((IF(AND(sizing_w04_chosen="Included",sizing_w04_nsxt_model<>"Shared"),VLOOKUP(sizing_w04_nsxt_appliance_size,table_nsxt_manager_disk_gb,2,FALSE),0)),IF(sizing_w04_nsxt_model="Dedicated - HA Cluster",3,1)), PRODUCT((IF(AND(sizing_w05_chosen="Included",sizing_w05_nsxt_model<>"Shared"),VLOOKUP(sizing_w05_nsxt_appliance_size,table_nsxt_manager_disk_gb,2,FALSE),0)),IF(sizing_w05_nsxt_model="Dedicated - HA Cluster",3,1)), PRODUCT((IF(AND(sizing_w06_chosen="Included",sizing_w06_nsxt_model<>"Shared"),VLOOKUP(sizing_w06_nsxt_appliance_size,table_nsxt_manager_disk_gb,2,FALSE),0)),IF(sizing_w06_nsxt_model="Dedicated - HA Cluster",3,1)), PRODUCT((IF(AND(sizing_w07_chosen="Included",sizing_w07_nsxt_model<>"Shared"),VLOOKUP(sizing_w07_nsxt_appliance_size,table_nsxt_manager_disk_gb,2,FALSE),0)),IF(sizing_w07_nsxt_model="Dedicated - HA Cluster",3,1)), PRODUCT((IF(AND(sizing_w08_chosen="Included",sizing_w08_nsxt_model<>"Shared"),VLOOKUP(sizing_w08_nsxt_appliance_size,table_nsxt_manager_disk_gb,2,FALSE),0)),IF(sizing_w08_nsxt_model="Dedicated - HA Cluster",3,1)), PRODUCT((IF(AND(sizing_w09_chosen="Included",sizing_w09_nsxt_model<>"Shared"),VLOOKUP(sizing_w09_nsxt_appliance_size,table_nsxt_manager_disk_gb,2,FALSE),0)),IF(sizing_w09_nsxt_model="Dedicated - HA Cluster",3,1)), PRODUCT((IF(AND(sizing_w10_chosen="Included",sizing_w10_nsxt_model<>"Shared"),VLOOKUP(sizing_w10_nsxt_appliance_size,table_nsxt_manager_disk_gb,2,FALSE),0)),IF(sizing_w10_nsxt_model="Dedicated - HA Cluster",3,1)), PRODUCT((IF(AND(sizing_w11_chosen="Included",sizing_w11_nsxt_model<>"Shared"),VLOOKUP(sizing_w11_nsxt_appliance_size,table_nsxt_manager_disk_gb,2,FALSE),0)),IF(sizing_w11_nsxt_model="Dedicated - HA Cluster",3,1)), PRODUCT((IF(AND(sizing_w12_chosen="Included",sizing_w12_nsxt_model<>"Shared"),VLOOKUP(sizing_w12_nsxt_appliance_size,table_nsxt_manager_disk_gb,2,FALSE),0)),IF(sizing_w12_nsxt_model="Dedicated - HA Cluster",3,1)), PRODUCT((IF(AND(sizing_w13_chosen="Included",sizing_w13_nsxt_model<>"Shared"),VLOOKUP(sizing_w13_nsxt_appliance_size,table_nsxt_manager_disk_gb,2,FALSE),0)),IF(sizing_w13_nsxt_model="Dedicated - HA Cluster",3,1)), PRODUCT((IF(AND(sizing_w14_chosen="Included",sizing_w14_nsxt_model<>"Shared"),VLOOKUP(sizing_w14_nsxt_appliance_size,table_nsxt_manager_disk_gb,2,FALSE),0)),IF(sizing_w14_nsxt_model="Dedicated - HA Cluster",3,1)), PRODUCT((IF(AND(sizing_w15_chosen="Included",sizing_w15_nsxt_model<>"Shared"),VLOOKUP(sizing_w15_nsxt_appliance_size,table_nsxt_manager_disk_gb,2,FALSE),0)),IF(sizing_w15_nsxt_model="Dedicated - HA Cluster",3,1)), PRODUCT((IF(AND(sizing_w16_chosen="Included",sizing_w16_nsxt_model<>"Shared"),VLOOKUP(sizing_w16_nsxt_appliance_size,table_nsxt_manager_disk_gb,2,FALSE),0)),IF(sizing_w16_nsxt_model="Dedicated - HA Cluster",3,1)), PRODUCT((IF(AND(sizing_w17_chosen="Included",sizing_w17_nsxt_model<>"Shared"),VLOOKUP(sizing_w17_nsxt_appliance_size,table_nsxt_manager_disk_gb,2,FALSE),0)),IF(sizing_w17_nsxt_model="Dedicated - HA Cluster",3,1)), PRODUCT((IF(AND(sizing_w18_chosen="Included",sizing_w18_nsxt_model<>"Shared"),VLOOKUP(sizing_w18_nsxt_appliance_size,table_nsxt_manager_disk_gb,2,FALSE),0)),IF(sizing_w18_nsxt_model="Dedicated - HA Cluster",3,1)), PRODUCT((IF(AND(sizing_w19_chosen="Included",sizing_w19_nsxt_model<>"Shared"),VLOOKUP(sizing_w19_nsxt_appliance_size,table_nsxt_manager_disk_gb,2,FALSE),0)),IF(sizing_w19_nsxt_model="Dedicated - HA Cluster",3,1)), PRODUCT((IF(AND(sizing_w20_chosen="Included",sizing_w20_nsxt_model<>"Shared"),VLOOKUP(sizing_w20_nsxt_appliance_size,table_nsxt_manager_disk_gb,2,FALSE),0)),IF(sizing_w20_nsxt_model="Dedicated - HA Cluster",3,1)), PRODUCT((IF(AND(sizing_w21_chosen="Included",sizing_w21_nsxt_model<>"Shared"),VLOOKUP(sizing_w21_nsxt_appliance_size,table_nsxt_manager_disk_gb,2,FALSE),0)),IF(sizing_w21_nsxt_model="Dedicated - HA Cluster",3,1)), PRODUCT((IF(AND(sizing_w22_chosen="Included",sizing_w22_nsxt_model<>"Shared"),VLOOKUP(sizing_w22_nsxt_appliance_size,table_nsxt_manager_disk_gb,2,FALSE),0)),IF(sizing_w22_nsxt_model="Dedicated - HA Cluster",3,1)), PRODUCT((IF(AND(sizing_w23_chosen="Included",sizing_w23_nsxt_model<>"Shared"),VLOOKUP(sizing_w23_nsxt_appliance_size,table_nsxt_manager_disk_gb,2,FALSE),0)),IF(sizing_w23_nsxt_model="Dedicated - HA Cluster",3,1)), PRODUCT((IF(AND(sizing_w24_chosen="Included",sizing_w24_nsxt_model<>"Shared"),VLOOKUP(sizing_w24_nsxt_appliance_size,table_nsxt_manager_disk_gb,2,FALSE),0)),IF(sizing_w24_nsxt_model="Dedicated - HA Cluster",3,1)),,'Static Reference Tables'!D73) -> 0 | O16: Swap File Requirements | R16: =CONCATENATE(SUM(L8:L27)) -> 207
G17: Workload Domain AVI Load Balancer | J17: =COUNTIF(S36:S59,"<>Excluded")*3 -> 0 | K17: =SUM( (IF(AND(sizing_w01_chosen="Included",sizing_w01_avi_appliance_size<>"Excluded"),VLOOKUP(sizing_w01_avi_appliance_size,table_avi_lb_cpu,2,FALSE),0))*3, (IF(AND(sizing_w02_chosen="Included",sizing_w02_avi_appliance_size<>"Excluded"),VLOOKUP(sizing_w02_avi_appliance_size,table_avi_lb_cpu,2,FALSE),0))*3, (IF(AND(sizing_w03_chosen="Included",sizing_w03_avi_appliance_size<>"Excluded"),VLOOKUP(sizing_w03_avi_appliance_size,table_avi_lb_cpu,2,FALSE),0))*3, (IF(AND(sizing_w04_chosen="Included",sizing_w04_avi_appliance_size<>"Excluded"),VLOOKUP(sizing_w04_avi_appliance_size,table_avi_lb_cpu,2,FALSE),0))*3, (IF(AND(sizing_w05_chosen="Included",sizing_w05_avi_appliance_size<>"Excluded"),VLOOKUP(sizing_w05_avi_appliance_size,table_avi_lb_cpu,2,FALSE),0))*3, (IF(AND(sizing_w06_chosen="Included",sizing_w06_avi_appliance_size<>"Excluded"),VLOOKUP(sizing_w06_avi_appliance_size,table_avi_lb_cpu,2,FALSE),0))*3, (IF(AND(sizing_w07_chosen="Included",sizing_w07_avi_appliance_size<>"Excluded"),VLOOKUP(sizing_w07_avi_appliance_size,table_avi_lb_cpu,2,FALSE),0))*3, (IF(AND(sizing_w08_chosen="Included",sizing_w08_avi_appliance_size<>"Excluded"),VLOOKUP(sizing_w08_avi_appliance_size,table_avi_lb_cpu,2,FALSE),0))*3, (IF(AND(sizing_w09_chosen="Included",sizing_w09_avi_appliance_size<>"Excluded"),VLOOKUP(sizing_w09_avi_appliance_size,table_avi_lb_cpu,2,FALSE),0))*3, (IF(AND(sizing_w10_chosen="Included",sizing_w10_avi_appliance_size<>"Excluded"),VLOOKUP(sizing_w10_avi_appliance_size,table_avi_lb_cpu,2,FALSE),0))*3, (IF(AND(sizing_w11_chosen="Included",sizing_w11_avi_appliance_size<>"Excluded"),VLOOKUP(sizing_w11_avi_appliance_size,table_avi_lb_cpu,2,FALSE),0))*3, (IF(AND(sizing_w12_chosen="Included",sizing_w12_avi_appliance_size<>"Excluded"),VLOOKUP(sizing_w12_avi_appliance_size,table_avi_lb_cpu,2,FALSE),0))*3, (IF(AND(sizing_w13_chosen="Included",sizing_w13_avi_appliance_size<>"Excluded"),VLOOKUP(sizing_w13_avi_appliance_size,table_avi_lb_cpu,2,FALSE),0))*3, (IF(AND(sizing_w14_chosen="Included",sizing_w14_avi_appliance_size<>"Excluded"),VLOOKUP(sizing_w14_avi_appliance_size,table_avi_lb_cpu,2,FALSE),0))*3, (IF(AND(sizing_w15_chosen="Included",sizing_w15_avi_appliance_size<>"Excluded"),VLOOKUP(sizing_w15_avi_appliance_size,table_avi_lb_cpu,2,FALSE),0))*3, (IF(AND(sizing_w16_chosen="Included",sizing_w16_avi_appliance_size<>"Excluded"),VLOOKUP(sizing_w16_avi_appliance_size,table_avi_lb_cpu,2,FALSE),0))*3, (IF(AND(sizing_w17_chosen="Included",sizing_w17_avi_appliance_size<>"Excluded"),VLOOKUP(sizing_w17_avi_appliance_size,table_avi_lb_cpu,2,FALSE),0))*3, (IF(AND(sizing_w18_chosen="Included",sizing_w18_avi_appliance_size<>"Excluded"),VLOOKUP(sizing_w18_avi_appliance_size,table_avi_lb_cpu,2,FALSE),0))*3, (IF(AND(sizing_w19_chosen="Included",sizing_w19_avi_appliance_size<>"Excluded"),VLOOKUP(sizing_w19_avi_appliance_size,table_avi_lb_cpu,2,FALSE),0))*3, (IF(AND(sizing_w20_chosen="Included",sizing_w20_avi_appliance_size<>"Excluded"),VLOOKUP(sizing_w20_avi_appliance_size,table_avi_lb_cpu,2,FALSE),0))*3, (IF(AND(sizing_w21_chosen="Included",sizing_w21_avi_appliance_size<>"Excluded"),VLOOKUP(sizing_w21_avi_appliance_size,table_avi_lb_cpu,2,FALSE),0))*3, (IF(AND(sizing_w22_chosen="Included",sizing_w22_avi_appliance_size<>"Excluded"),VLOOKUP(sizing_w22_avi_appliance_size,table_avi_lb_cpu,2,FALSE),0))*3, (IF(AND(sizing_w23_chosen="Included",sizing_w23_avi_appliance_size<>"Excluded"),VLOOKUP(sizing_w23_avi_appliance_size,table_avi_lb_cpu,2,FALSE),0))*3, (IF(AND(sizing_w24_chosen="Included",sizing_w24_avi_appliance_size<>"Excluded"),VLOOKUP(sizing_w24_avi_appliance_size,table_avi_lb_cpu,2,FALSE),0))*3, ) -> 0 | L17: =SUM( (IF(AND(sizing_w01_chosen="Included",sizing_w01_avi_appliance_size<>"Excluded"),VLOOKUP(sizing_w01_avi_appliance_size,table_avi_lb_ram,2,FALSE),0))*3, (IF(AND(sizing_w02_chosen="Included",sizing_w02_avi_appliance_size<>"Excluded"),VLOOKUP(sizing_w02_avi_appliance_size,table_avi_lb_ram,2,FALSE),0))*3, (IF(AND(sizing_w03_chosen="Included",sizing_w03_avi_appliance_size<>"Excluded"),VLOOKUP(sizing_w03_avi_appliance_size,table_avi_lb_ram,2,FALSE),0))*3, (IF(AND(sizing_w04_chosen="Included",sizing_w04_avi_appliance_size<>"Excluded"),VLOOKUP(sizing_w04_avi_appliance_size,table_avi_lb_ram,2,FALSE),0))*3, (IF(AND(sizing_w05_chosen="Included",sizing_w05_avi_appliance_size<>"Excluded"),VLOOKUP(sizing_w05_avi_appliance_size,table_avi_lb_ram,2,FALSE),0))*3, (IF(AND(sizing_w06_chosen="Included",sizing_w06_avi_appliance_size<>"Excluded"),VLOOKUP(sizing_w06_avi_appliance_size,table_avi_lb_ram,2,FALSE),0))*3, (IF(AND(sizing_w07_chosen="Included",sizing_w07_avi_appliance_size<>"Excluded"),VLOOKUP(sizing_w07_avi_appliance_size,table_avi_lb_ram,2,FALSE),0))*3, (IF(AND(sizing_w08_chosen="Included",sizing_w08_avi_appliance_size<>"Excluded"),VLOOKUP(sizing_w08_avi_appliance_size,table_avi_lb_ram,2,FALSE),0))*3, (IF(AND(sizing_w09_chosen="Included",sizing_w09_avi_appliance_size<>"Excluded"),VLOOKUP(sizing_w09_avi_appliance_size,table_avi_lb_ram,2,FALSE),0))*3, (IF(AND(sizing_w10_chosen="Included",sizing_w10_avi_appliance_size<>"Excluded"),VLOOKUP(sizing_w10_avi_appliance_size,table_avi_lb_ram,2,FALSE),0))*3, (IF(AND(sizing_w11_chosen="Included",sizing_w11_avi_appliance_size<>"Excluded"),VLOOKUP(sizing_w11_avi_appliance_size,table_avi_lb_ram,2,FALSE),0))*3, (IF(AND(sizing_w12_chosen="Included",sizing_w12_avi_appliance_size<>"Excluded"),VLOOKUP(sizing_w12_avi_appliance_size,table_avi_lb_ram,2,FALSE),0))*3, (IF(AND(sizing_w13_chosen="Included",sizing_w13_avi_appliance_size<>"Excluded"),VLOOKUP(sizing_w13_avi_appliance_size,table_avi_lb_ram,2,FALSE),0))*3, (IF(AND(sizing_w14_chosen="Included",sizing_w14_avi_appliance_size<>"Excluded"),VLOOKUP(sizing_w14_avi_appliance_size,table_avi_lb_ram,2,FALSE),0))*3, (IF(AND(sizing_w15_chosen="Included",sizing_w15_avi_appliance_size<>"Excluded"),VLOOKUP(sizing_w15_avi_appliance_size,table_avi_lb_ram,2,FALSE),0))*3, (IF(AND(sizing_w16_chosen="Included",sizing_w16_avi_appliance_size<>"Excluded"),VLOOKUP(sizing_w16_avi_appliance_size,table_avi_lb_ram,2,FALSE),0))*3, (IF(AND(sizing_w17_chosen="Included",sizing_w17_avi_appliance_size<>"Excluded"),VLOOKUP(sizing_w17_avi_appliance_size,table_avi_lb_ram,2,FALSE),0))*3, (IF(AND(sizing_w18_chosen="Included",sizing_w18_avi_appliance_size<>"Excluded"),VLOOKUP(sizing_w18_avi_appliance_size,table_avi_lb_ram,2,FALSE),0))*3, (IF(AND(sizing_w19_chosen="Included",sizing_w19_avi_appliance_size<>"Excluded"),VLOOKUP(sizing_w19_avi_appliance_size,table_avi_lb_ram,2,FALSE),0))*3, (IF(AND(sizing_w20_chosen="Included",sizing_w20_avi_appliance_size<>"Excluded"),VLOOKUP(sizing_w20_avi_appliance_size,table_avi_lb_ram,2,FALSE),0))*3, (IF(AND(sizing_w21_chosen="Included",sizing_w21_avi_appliance_size<>"Excluded"),VLOOKUP(sizing_w21_avi_appliance_size,table_avi_lb_ram,2,FALSE),0))*3, (IF(AND(sizing_w22_chosen="Included",sizing_w22_avi_appliance_size<>"Excluded"),VLOOKUP(sizing_w22_avi_appliance_size,table_avi_lb_ram,2,FALSE),0))*3, (IF(AND(sizing_w23_chosen="Included",sizing_w23_avi_appliance_size<>"Excluded"),VLOOKUP(sizing_w23_avi_appliance_size,table_avi_lb_ram,2,FALSE),0))*3, (IF(AND(sizing_w24_chosen="Included",sizing_w24_avi_appliance_size<>"Excluded"),VLOOKUP(sizing_w24_avi_appliance_size,table_avi_lb_ram,2,FALSE),0))*3, ) -> 0 | M17: =SUM( (IF(AND(sizing_w01_chosen="Included",sizing_w01_avi_appliance_size<>"Excluded"),VLOOKUP(sizing_w01_avi_appliance_size,table_avi_lb_disk,2,FALSE),0))*3, (IF(AND(sizing_w02_chosen="Included",sizing_w02_avi_appliance_size<>"Excluded"),VLOOKUP(sizing_w02_avi_appliance_size,table_avi_lb_disk,2,FALSE),0))*3, (IF(AND(sizing_w03_chosen="Included",sizing_w03_avi_appliance_size<>"Excluded"),VLOOKUP(sizing_w03_avi_appliance_size,table_avi_lb_disk,2,FALSE),0))*3, (IF(AND(sizing_w04_chosen="Included",sizing_w04_avi_appliance_size<>"Excluded"),VLOOKUP(sizing_w04_avi_appliance_size,table_avi_lb_disk,2,FALSE),0))*3, (IF(AND(sizing_w05_chosen="Included",sizing_w05_avi_appliance_size<>"Excluded"),VLOOKUP(sizing_w05_avi_appliance_size,table_avi_lb_disk,2,FALSE),0))*3, (IF(AND(sizing_w06_chosen="Included",sizing_w06_avi_appliance_size<>"Excluded"),VLOOKUP(sizing_w06_avi_appliance_size,table_avi_lb_disk,2,FALSE),0))*3, (IF(AND(sizing_w07_chosen="Included",sizing_w07_avi_appliance_size<>"Excluded"),VLOOKUP(sizing_w07_avi_appliance_size,table_avi_lb_disk,2,FALSE),0))*3, (IF(AND(sizing_w08_chosen="Included",sizing_w08_avi_appliance_size<>"Excluded"),VLOOKUP(sizing_w08_avi_appliance_size,table_avi_lb_disk,2,FALSE),0))*3, (IF(AND(sizing_w09_chosen="Included",sizing_w09_avi_appliance_size<>"Excluded"),VLOOKUP(sizing_w09_avi_appliance_size,table_avi_lb_disk,2,FALSE),0))*3, (IF(AND(sizing_w10_chosen="Included",sizing_w10_avi_appliance_size<>"Excluded"),VLOOKUP(sizing_w10_avi_appliance_size,table_avi_lb_disk,2,FALSE),0))*3, (IF(AND(sizing_w11_chosen="Included",sizing_w11_avi_appliance_size<>"Excluded"),VLOOKUP(sizing_w11_avi_appliance_size,table_avi_lb_disk,2,FALSE),0))*3, (IF(AND(sizing_w12_chosen="Included",sizing_w12_avi_appliance_size<>"Excluded"),VLOOKUP(sizing_w12_avi_appliance_size,table_avi_lb_disk,2,FALSE),0))*3, (IF(AND(sizing_w13_chosen="Included",sizing_w13_avi_appliance_size<>"Excluded"),VLOOKUP(sizing_w13_avi_appliance_size,table_avi_lb_disk,2,FALSE),0))*3, (IF(AND(sizing_w14_chosen="Included",sizing_w14_avi_appliance_size<>"Excluded"),VLOOKUP(sizing_w14_avi_appliance_size,table_avi_lb_disk,2,FALSE),0))*3, (IF(AND(sizing_w15_chosen="Included",sizing_w15_avi_appliance_size<>"Excluded"),VLOOKUP(sizing_w15_avi_appliance_size,table_avi_lb_disk,2,FALSE),0))*3, (IF(AND(sizing_w16_chosen="Included",sizing_w16_avi_appliance_size<>"Excluded"),VLOOKUP(sizing_w16_avi_appliance_size,table_avi_lb_disk,2,FALSE),0))*3, (IF(AND(sizing_w17_chosen="Included",sizing_w17_avi_appliance_size<>"Excluded"),VLOOKUP(sizing_w17_avi_appliance_size,table_avi_lb_disk,2,FALSE),0))*3, (IF(AND(sizing_w18_chosen="Included",sizing_w18_avi_appliance_size<>"Excluded"),VLOOKUP(sizing_w18_avi_appliance_size,table_avi_lb_disk,2,FALSE),0))*3, (IF(AND(sizing_w19_chosen="Included",sizing_w19_avi_appliance_size<>"Excluded"),VLOOKUP(sizing_w19_avi_appliance_size,table_avi_lb_disk,2,FALSE),0))*3, (IF(AND(sizing_w20_chosen="Included",sizing_w20_avi_appliance_size<>"Excluded"),VLOOKUP(sizing_w20_avi_appliance_size,table_avi_lb_disk,2,FALSE),0))*3, (IF(AND(sizing_w21_chosen="Included",sizing_w21_avi_appliance_size<>"Excluded"),VLOOKUP(sizing_w21_avi_appliance_size,table_avi_lb_disk,2,FALSE),0))*3, (IF(AND(sizing_w22_chosen="Included",sizing_w22_avi_appliance_size<>"Excluded"),VLOOKUP(sizing_w22_avi_appliance_size,table_avi_lb_disk,2,FALSE),0))*3, (IF(AND(sizing_w23_chosen="Included",sizing_w23_avi_appliance_size<>"Excluded"),VLOOKUP(sizing_w23_avi_appliance_size,table_avi_lb_disk,2,FALSE),0))*3, (IF(AND(sizing_w24_chosen="Included",sizing_w24_avi_appliance_size<>"Excluded"),VLOOKUP(sizing_w24_avi_appliance_size,table_avi_lb_disk,2,FALSE),0))*3, ) -> 0 | O17: Interim Total (VM Capacity + Swap File) | R17: =R15+R16 -> 4229
B18: VCF Operations and Automation | G18: Workload Domain Security Services Platform | J18: =SUM(PRODUCT(9,COUNTIF(V36:V59,"Medium")),PRODUCT(12,COUNTIF(V36:V59,"Large")),PRODUCT(14,COUNTIF(V36:V59,"X-Large"))) -> 0 | K18: =SUM((PRODUCT((VLOOKUP("Medium",table_ssp_cpu,2,FALSE)),COUNTIF(V36:V59,"Medium"))),PRODUCT((VLOOKUP("Large",table_ssp_cpu,2,FALSE)),COUNTIF(V36:V59,"Large")),PRODUCT((VLOOKUP("X-Large",table_ssp_cpu,2,FALSE)),COUNTIF(V36:V59,"X-Large"))) -> 0 | L18: =SUM((PRODUCT((VLOOKUP("Medium",table_ssp_ram,2,FALSE)),COUNTIF(V36:V59,"Medium"))),PRODUCT((VLOOKUP("Large",table_ssp_ram,2,FALSE)),COUNTIF(V36:V59,"Large")),PRODUCT((VLOOKUP("X-Large",table_ssp_ram,2,FALSE)),COUNTIF(V36:V59,"X-Large"))) -> 0 | M18: =SUM((PRODUCT((VLOOKUP("Medium",table_ssp_disk,2,FALSE)),COUNTIF(V36:V59,"Medium"))),PRODUCT((VLOOKUP("Large",table_ssp_disk,2,FALSE)),COUNTIF(V36:V59,"Large")),PRODUCT((VLOOKUP("X-Large",table_ssp_disk,2,FALSE)),COUNTIF(V36:V59,"X-Large"))) -> 0 | O18: Allow for Redundancy based on FTT1 | R18: =ROUNDUP(IF(R13="vSAN-ESA",R17*1.5,R17*2),0) -> 8458
B19: Conponent | E19: Value | G19: VMware Cloud Foundation Operations fleet management | J19: =IF(sizing_vcfops_ha_chosen="Exclude",0,1) -> 0 | K19: =IF(sizing_vcfops_ha_chosen="Exclude",0,sizing_vcffm_cpu) -> 0 | L19: =IF(sizing_vcfops_ha_chosen="Exclude",0,sizing_vcffm_ram) -> 0 | M19: =IF(sizing_vcfops_ha_chosen="Exclude",0,sizing_vcffm_disk) -> 0 | O19: Allow for Host Rebuild and Operations Reserve | R19: =ROUNDUP(R18*(1+(sizing_virtual_machine_overhead/100)),0) -> 10996
B20: Appliance Deployment Model | E20: Deploy HA | G20: VMware Cloud Foundation Operations | J20: =IF(sizing_vcfops_ha_chosen<>"Exclude",IF(sizing_vcfops_deployment_model_chosen="Deploy HA",3,IF(sizing_vcfops_deployment_model_chosen="Deploy Simple",1,0)),0) -> 0 | K20: =IF(sizing_vcfops_ha_chosen<>"Exclude",PRODUCT(VLOOKUP(sizing_vcfops_ha_chosen,table_vcfops_appliance_cpu,2,FALSE),J20),0) -> 0 | L20: =IF(sizing_vcfops_ha_chosen<>"Exclude",PRODUCT(VLOOKUP(sizing_vcfops_ha_chosen,table_vcfops_appliance_ram,2,FALSE),J20),0) -> 0 | M20: =IF(sizing_vcfops_ha_chosen<>"Exclude",PRODUCT(VLOOKUP(sizing_vcfops_ha_chosen,table_vcfops_appliance_disk,2,FALSE),J20),0) -> 0 | O20: Allow for Estimated Growth | R20: =IF(OR((sizing_storage_type="FC"),(sizing_storage_type="NFS")),ROUNDUP(R17*(1+(sizing_estimated_growth/100)),0),ROUNDUP(R19*(1+(sizing_estimated_growth/100)),0)) -> 4652
B21: VCF Operations | E21: Exclude | G21: VMware Cloud Foundation Operations collector | J21: =IF(sizing_vcfops_collector_chosen="Exclude",0,1) -> 0 | K21: =IF(sizing_vcfops_collector_chosen="Exclude",0,VLOOKUP(sizing_vcfops_collector_chosen,table_vcfo_p_cpu,2,FALSE)) -> 0 | L21: =IF(sizing_vcfops_collector_chosen="Exclude",0,VLOOKUP(sizing_vcfops_collector_chosen,table_vcfo_p_ram,2,FALSE)) -> 0 | M21: =IF(sizing_vcfops_collector_chosen="Exclude",0,VLOOKUP(sizing_vcfops_collector_chosen,table_vcfo_p_disk,2,FALSE)) -> 0 | O21: Storage per Host (based on N-1 hosts) | R21: =CONCATENATE(ROUNDUP(R20/(calculated_mgmt_host_count-1),0)," GB Disk") -> 1551 GB Disk
B22: VCF Operations collector | E22: Exclude | G22: VMware Cloud Foundation Automation | J22: =IF(sizing_vcfauto_chosen="Exclude",0, IF(sizing_vcfauto_chosen="Small",1, IF(sizing_vcfauto_chosen="Medium",3, IF(sizing_vcfauto_chosen="Large",3,) ))) -> 0 | K22: =IF(sizing_vcfauto_chosen="Exclude",0,PRODUCT(VLOOKUP(sizing_vcfauto_chosen,table_vcfa_appliance_cpu,2,FALSE),J22)) -> 0 | L22: =IF(sizing_vcfauto_chosen="Exclude",0,PRODUCT(VLOOKUP(sizing_vcfauto_chosen,table_vcfa_appliance_ram,2,FALSE),J22)) -> 0 | M22: =IF(sizing_vcfauto_chosen="Exclude",0,PRODUCT(VLOOKUP(sizing_vcfauto_chosen,table_vcfa_appliance_disk,2,FALSE),J22)) -> 0
B23: VCF Automation | E23: Exclude | G23: VMware Cloud Foundation Operations for logs | J23: =IF(sizing_vcfops_logs_chosen="Exclude",0,IF(sizing_vcfops_deployment_model_chosen="Deploy HA",3,1)) -> 0 | K23: =IF(sizing_vcfops_logs_chosen="Exclude","0",PRODUCT(IF(sizing_vcfops_logs_chosen="Existing Component",0,IF(sizing_vcfops_deployment_model_chosen="Deploy HA",3,1)),VLOOKUP(sizing_vcfops_logs_chosen,table_vrli_appliance_cpu,2,))) -> 0 | L23: =IF(sizing_vcfops_logs_chosen="Exclude","0",PRODUCT(IF(E24="Existing Component",0,IF(sizing_vcfops_deployment_model_chosen="Deploy HA",3,1)),VLOOKUP(E24,table_vrli_appliance_ram,2,))) -> 0 | M23: =IF(sizing_vcfops_logs_chosen="Exclude","0",PRODUCT(IF(E24="Existing Component",0,IF(sizing_vcfops_deployment_model_chosen="Deploy HA",3,1)),VLOOKUP(E24,table_vrli_appliance_disk,2,))) -> 0
B24: VCF Operations for logs | E24: Exclude | G24: VMware Cloud Foundation Operations for networks | J24: =IF(sizing_vcfops_net_chosen="Exclude",0,IF(sizing_vcfops_deployment_model_chosen="Deploy HA",3,1)) -> 0 | K24: =IF(sizing_vcfops_net_chosen="Exclude","0",PRODUCT(VLOOKUP(sizing_vcfops_net_chosen,table_vcfopsnet_appliance_cpu,2,),J24)) -> 0 | L24: =IF(sizing_vcfops_net_chosen="Exclude","0",PRODUCT(VLOOKUP(sizing_vcfops_net_chosen,table_vcfopsnet_appliance_ram,2,),J24)) -> 0 | M24: =IF(sizing_vcfops_net_chosen="Exclude","0",PRODUCT(VLOOKUP(sizing_vcfops_net_chosen,table_vcfopsnet_appliance_disk,2,),J24)) -> 0
B25: VCF Operations for networks | E25: Exclude | G25: VMware Cloud Foundation Operations for networks collector | J25: =IF(sizing_vcfops_net_collector_chosen="Exclude",0,1) -> 0 | K25: =IF(sizing_vcfops_net_collector_chosen="Exclude","0",PRODUCT(IF(sizing_vcfops_net_collector_chosen="Exclude",0,1),VLOOKUP(sizing_vcfops_net_collector_chosen,table_vcfopsnet_collector_cpu,2,))) -> 0 | L25: =IF(sizing_vcfops_net_collector_chosen="Exclude","0",PRODUCT(IF(sizing_vcfops_net_collector_chosen="Exclude",0,1),VLOOKUP(sizing_vcfops_net_collector_chosen,table_vcfopsnet_collector_ram,2,))) -> 0 | M25: =IF(sizing_vcfops_net_collector_chosen="Exclude","0",PRODUCT(IF(sizing_vcfops_net_collector_chosen="Excludet",0,1),VLOOKUP(sizing_vcfops_net_collector_chosen,table_vcfopsnet_collector_disk,2,))) -> 0
B26: VCF Operations for networks collector | E26: Exclude | G26: Identity Broker | J26: =IF(OR(sizing_vcfvidb_chosen="Embedded",sizing_vcfvidb_chosen="Exclude"),0,IF(sizing_vcfvidb_chosen="Deploy HA",3,1)) -> 0 | K26: =PRODUCT(VLOOKUP("Medium",table_wsa_appliance_cpu,2,FALSE),J26) -> 0 | L26: =PRODUCT(VLOOKUP("Medium",table_wsa_appliance_ram,2,FALSE),J26) -> 0 | M26: =PRODUCT(VLOOKUP("Medium",table_wsa_appliance_disk,2,FALSE),J26) -> 0
B27: Identity Broker | E27: Exclude | G27: Validated Solution Requirements | J27: =G79 -> 0 | K27: =(SUMPRODUCT('Management Domain Sizing'!$G$71:$G$78,'Management Domain Sizing'!H71:H78)) -> 0 | L27: =(SUMPRODUCT('Management Domain Sizing'!$G$71:$G$78,'Management Domain Sizing'!I71:I78)) -> 0 | M27: =(SUMPRODUCT('Management Domain Sizing'!$G$71:$G$78,'Management Domain Sizing'!J71:J78)) -> 0
G28: Totals | J28: =SUM(J8:J27) -> 12 | K28: =CONCATENATE(SUM(K8:K27)," vCPUs") -> 58 vCPUs | L28: =CONCATENATE(SUM(L8:L27)," GB") -> 207 GB | M28: =CONCATENATE(SUM(M8:M27)," GB") -> 4022 GB
B30: Management Domain
B31: Domain | C31: Select | D31: vCenter CPUs : RAM | F31: vCenter Disk | H31: NSX Model | I31: NSX LM CPU : RAM : Disk | L31: NSX Edge CPU : RAM : Disk | O31: NSX GM CPU : RAM : Disk | Q31: Avi LB CPU : RAM : Disk | U31: Security Services Platform CPU : RAM : Disk | X31: Notes
B32: m01 | C32: Included | D32: Medium | E32: =CONCATENATE(IF(sizing_m01_included="Included",VLOOKUP(D32,table_vcenter_appliance_cpu,2,FALSE),0)," CPUS ",": ",IF(sizing_m01_included="Included",VLOOKUP(D32,table_vcenter_appliance_ram,2,FALSE),0)," GB") -> 8 CPUS : 30 GB | F32: Default | G32: =CONCATENATE(IF(sizing_m01_included="Included",VLOOKUP(CONCATENATE(D32,F32),table_vcenter_disk_gb,2,FALSE),0)," GB") -> 908 GB | H32: Mandatory - HA Cluster | I32: Medium | J32: =CONCATENATE(IF(AND(sizing_m01_included="Included",mgmt_nsxt_appliance_size_chosen<>"Shared"), VLOOKUP(sizing_m01_nsxt_appliance_size,table_nsxt_manager_cpu,2,FALSE),0), " CPUS : ",IF(AND(sizing_m01_included="Included",mgmt_nsxt_appliance_size_chosen<>"Shared"), VLOOKUP(sizing_m01_nsxt_appliance_size,table_nsxt_manager_ram,2,FALSE),0)," GB : ",IF(AND(sizing_m01_included="Included",mgmt_nsxt_appliance_size_chosen<>"Shared"), VLOOKUP(sizing_m01_nsxt_appliance_size,table_nsxt_manager_disk_gb,2,FALSE),0)," GB") -> 6 CPUS : 24 GB : 300 GB | L32: Medium | M32: =IF(sizing_m01_nsxt_edge_size="Excluded","0 GB : 0 RAM : 0 GB",(CONCATENATE(IF(sizing_m01_included="Included",VLOOKUP(sizing_m01_nsxt_edge_size,table_nsxt_edge_cpu,2,FALSE),0)," CPUs : ",IF(sizing_m01_included="Included",VLOOKUP(sizing_m01_nsxt_edge_size,table_nsxt_edge_ram,2,FALSE),0)," GB: ",IF(sizing_m01_included="Included",VLOOKUP(sizing_m01_nsxt_edge_size,table_nsxt_edge_disk_gb,2,FALSE),0)," GB "))) -> 4 CPUs : 8 GB: 200 GB | O32: Medium | P32: =CONCATENATE(IF(sizing_m01_nsxt_gm_appliance_size<>"Excluded",VLOOKUP(sizing_m01_nsxt_gm_appliance_size,table_nsxt_manager_cpu,2,FALSE),0)," CPU : ",IF(sizing_m01_nsxt_gm_appliance_size<>"Excluded",VLOOKUP(sizing_m01_nsxt_gm_appliance_size,table_nsxt_manager_ram,2,FALSE),0)," GB : ",IF(sizing_m01_nsxt_gm_appliance_size<>"Excluded",VLOOKUP(sizing_m01_nsxt_gm_appliance_size,table_nsxt_manager_disk_gb,2,FALSE),0)," GB") -> 6 CPU : 24 GB : 300 GB | Q32: Excluded | R32: =IF(sizing_mgmt_avi_lb_appliance_size="Exclude","0 GB : 0 RAM : 0 GB",CONCATENATE(IF(AND(sizing_m01_included="Included",sizing_mgmt_avi_lb_appliance_size<>"Excluded"),VLOOKUP(sizing_mgmt_avi_lb_appliance_size,table_avi_lb_cpu,2,FALSE),0)," CPUs : ",IF(AND(sizing_m01_included="Included",sizing_mgmt_avi_lb_appliance_size<>"Excluded"),VLOOKUP(sizing_mgmt_avi_lb_appliance_size,table_avi_lb_ram,2,FALSE),0)," GB : ",IF(AND(sizing_m01_included="Included",sizing_mgmt_avi_lb_appliance_size<>"Excluded"),VLOOKUP(sizing_mgmt_avi_lb_appliance_size,table_avi_lb_disk,2,FALSE),0)," GB")) -> 0 CPUs : 0 GB : 0 GB | U32: Excluded | V32: =CONCATENATE(IF(sizing_m01_ssp_chosen<>"Excluded",VLOOKUP(sizing_m01_ssp_chosen,table_ssp_cpu,2,FALSE),0)," CPUs : ",IF(sizing_m01_ssp_chosen<>"Excluded",VLOOKUP(sizing_m01_ssp_chosen,table_ssp_ram,2,FALSE),0), " GB : ",IF(sizing_m01_ssp_chosen<>"Excluded",VLOOKUP(sizing_m01_ssp_chosen,table_ssp_disk,2,FALSE),0)," GB") -> 0 CPUs : 0 GB : 0 GB | X32: =IF(sizing_m01_included="Included",CONCATENATE("vCenter ",VLOOKUP(mgmt_vcenter_appliance_size_chosen,vcenter_sizing_limits,2,FALSE)," | NSX ",VLOOKUP(sizing_m01_nsxt_appliance_size,nsx_sizing_limits,2,FALSE)),"") -> vCenter 400 Hosts - 4000 VM | NSX 128 Hosts - 5 vSphere Clusters
B34: Workload Domains
B35: Domain | C35: Select | D35: vCenter CPUs : RAM | F35: vCenter Disk | H35: NSX Model | I35: NSX LM CPU : RAM : Disk | L35: Federation | M35: NSX GM CPU : RAM : Disk | P35: Site Protection DR CPU : RAM : Disk | S35: Avi LB CPU : RAM : Disk | V35: SSP CPU : RAM : Disk | X35: Notes
B36: w01 | C36: Excluded | D36: Medium | E36: =CONCATENATE(IF(sizing_w01_chosen="Included",VLOOKUP(sizing_w01_vcenter_appliance_size,table_vcenter_appliance_cpu,2,FALSE),0)," CPUs ",": ",IF(sizing_w01_chosen="Included",VLOOKUP(sizing_w01_vcenter_appliance_size,table_vcenter_appliance_ram,2,FALSE),0)," GB") -> 0 CPUs : 0 GB | F36: Default | G36: =CONCATENATE(IF(sizing_w01_chosen="Included",VLOOKUP(CONCATENATE(sizing_w01_vcenter_appliance_size,sizing_w01_vcenter_storage_size),table_vcenter_disk_gb,2,FALSE),0)," GB") -> 0 GB | H36: Mandatory - HA Cluster | I36: Large | J36: =CONCATENATE(IF(sizing_w01_chosen="Included",VLOOKUP(sizing_w01_nsxt_appliance_size,table_nsxt_manager_cpu,2,FALSE),0)," CPUs : ",IF(sizing_w01_chosen="Included",VLOOKUP(sizing_w01_nsxt_appliance_size,table_nsxt_manager_ram,2,FALSE),0), " GB : ",IF(sizing_w01_chosen="Included",VLOOKUP(sizing_w01_nsxt_appliance_size,table_nsxt_manager_disk_gb,2,FALSE),0)," GB") -> 0 CPUs : 0 GB : 0 GB | L36: Excluded | M36: Large | N36: =CONCATENATE(IF(AND(sizing_w01_gm_chosen<>"Excluded",sizing_w01_gm_chosen<>"Connect Instance"),VLOOKUP(sizing_w01_nsxt_gm_appliance_size,table_nsxt_manager_cpu,2,FALSE),0)," CPUs : ",IF(AND(sizing_w01_gm_chosen<>"Excluded",sizing_w01_gm_chosen<>"Connect Instance"),VLOOKUP(sizing_w01_nsxt_gm_appliance_size,table_nsxt_manager_ram,2,FALSE),0)," GB : ",IF(AND(sizing_w01_gm_chosen<>"Excluded",sizing_w01_gm_chosen<>"Connect Instance"),VLOOKUP(sizing_w01_nsxt_gm_appliance_size,table_nsxt_manager_disk_gb,2,FALSE),0)," GB") -> 0 CPUs : 0 GB : 0 GB | P36: Exclude | Q36: =(CONCATENATE(IF(AND(sizing_w01_chosen="Included",sizing_w01_spr_chosen="Include"),VLOOKUP(input_wld_srm_vm_size,table_srm_cpu,2,FALSE),0)," CPUs :",IF(AND(sizing_w01_chosen="Included",sizing_w01_spr_chosen="Include"),VLOOKUP(input_wld_srm_vm_size,table_srm_ram,2,FALSE),0)," GB : ",IF(AND(sizing_w01_chosen="Included",sizing_w01_spr_chosen="Include"),VLOOKUP(input_wld_srm_vm_size,table_srm_disk,2,FALSE),0)," GB")) -> 0 CPUs :0 GB : 0 GB | S36: Excluded | T36: =CONCATENATE(IF(AND(sizing_w01_chosen="Included",sizing_w01_avi_appliance_size<>"Excluded"),VLOOKUP(sizing_w01_avi_appliance_size,table_avi_lb_cpu,2,FALSE),0), " CPUs : ",IF(AND(sizing_w01_chosen="Included",sizing_w01_avi_appliance_size<>"Excluded"),VLOOKUP(sizing_w01_avi_appliance_size,table_avi_lb_ram,2,FALSE),0), " GB : ",IF(AND(sizing_w01_chosen="Included",sizing_w01_avi_appliance_size<>"Excluded"),VLOOKUP(sizing_w01_avi_appliance_size,table_avi_lb_disk,2,FALSE),0)," GB") -> 0 CPUs : 0 GB : 0 GB | V36: Excluded | W36: =CONCATENATE(IF(sizing_w01_ssp_chosen<>"Excluded",VLOOKUP(sizing_w01_ssp_chosen,table_ssp_cpu,2,FALSE),0)," CPUs : ",IF(sizing_w01_ssp_chosen<>"Excluded",VLOOKUP(sizing_w01_ssp_chosen,table_ssp_ram,2,FALSE),0), " GB : ",IF(sizing_w01_ssp_chosen<>"Excluded",VLOOKUP(sizing_w01_ssp_chosen,table_ssp_disk,2,FALSE),0)," GB") -> 0 CPUs : 0 GB : 0 GB | X36: =IF(sizing_w01_chosen="Included",CONCATENATE("vCenter:",VLOOKUP(sizing_w01_vcenter_appliance_size,vcenter_sizing_limits,2,FALSE)," | NSX LM ",VLOOKUP(sizing_w01_nsxt_appliance_size,nsx_sizing_limits,2,FALSE)),"")
B37: w02 | C37: Excluded | D37: Medium | E37: =CONCATENATE(IF(sizing_w02_chosen="Included",VLOOKUP(sizing_w02_vcenter_appliance_size,table_vcenter_appliance_cpu,2,FALSE),0)," CPUs ",": ",IF(sizing_w02_chosen="Included",VLOOKUP(sizing_w02_vcenter_appliance_size,table_vcenter_appliance_ram,2,FALSE),0)," GB") -> 0 CPUs : 0 GB | F37: Default | G37: =CONCATENATE(IF(sizing_w02_chosen="Included",VLOOKUP(CONCATENATE(sizing_w02_vcenter_appliance_size,sizing_w02_vcenter_storage_size),table_vcenter_disk_gb,2,FALSE),0)," GB") -> 0 GB | H37: Dedicated - HA Cluster | I37: Large | J37: =CONCATENATE(IF(AND(sizing_w02_chosen="Included",sizing_w02_nsxt_model<>"Shared"),VLOOKUP(sizing_w02_nsxt_appliance_size,table_nsxt_manager_cpu,2,FALSE),0)," CPUs : ",IF(AND(sizing_w02_chosen="Included",sizing_w02_nsxt_model<>"Shared"),VLOOKUP(sizing_w02_nsxt_appliance_size,table_nsxt_manager_ram,2,FALSE),0), " GB : ",IF(AND(sizing_w02_chosen="Included",sizing_w02_nsxt_model<>"Shared"),VLOOKUP(sizing_w02_nsxt_appliance_size,table_nsxt_manager_disk_gb,2,FALSE),0)," GB") -> 0 CPUs : 0 GB : 0 GB | L37: Excluded | M37: Large | N37: =CONCATENATE(IF(AND(sizing_w02_gm_chosen<>"Excluded",sizing_w02_gm_chosen<>"Connect Instance"),VLOOKUP(sizing_w02_nsxt_gm_appliance_size,table_nsxt_manager_cpu,2,FALSE),0)," CPUs : ",IF(AND(sizing_w02_gm_chosen<>"Excluded",sizing_w02_gm_chosen<>"Connect Instance"),VLOOKUP(sizing_w02_nsxt_gm_appliance_size,table_nsxt_manager_ram,2,FALSE),0)," GB : ",IF(AND(sizing_w02_gm_chosen<>"Excluded",sizing_w02_gm_chosen<>"Connect Instance"),VLOOKUP(sizing_w02_nsxt_gm_appliance_size,table_nsxt_manager_disk_gb,2,FALSE),0)," GB") -> 0 CPUs : 0 GB : 0 GB | P37: Exclude | Q37: =(CONCATENATE(IF(AND(sizing_w02_chosen="Included",sizing_w02_spr_chosen="Include"),VLOOKUP(input_wld_srm_vm_size,table_srm_cpu,2,FALSE),0)," CPUs :",IF(AND(sizing_w02_chosen="Included",sizing_w02_spr_chosen="Include"),VLOOKUP(input_wld_srm_vm_size,table_srm_ram,2,FALSE),0)," GB : ",IF(AND(sizing_w02_chosen="Included",sizing_w02_spr_chosen="Include"),VLOOKUP(input_wld_srm_vm_size,table_srm_disk,2,FALSE),0)," GB")) -> 0 CPUs :0 GB : 0 GB | S37: Excluded | T37: =CONCATENATE(IF(AND(sizing_w02_chosen="Included",sizing_w02_avi_appliance_size<>"Excluded"),VLOOKUP(sizing_w02_avi_appliance_size,table_avi_lb_cpu,2,FALSE),0), " CPUs : ",IF(AND(sizing_w02_chosen="Included",sizing_w02_avi_appliance_size<>"Excluded"),VLOOKUP(sizing_w02_avi_appliance_size,table_avi_lb_ram,2,FALSE),0), " GB : ",IF(AND(sizing_w02_chosen="Included",sizing_w02_avi_appliance_size<>"Excluded"),VLOOKUP(sizing_w02_avi_appliance_size,table_avi_lb_disk,2,FALSE),0)," GB") -> 0 CPUs : 0 GB : 0 GB | V37: Excluded | W37: =CONCATENATE(IF(sizing_w02_ssp_chosen<>"Excluded",VLOOKUP(sizing_w02_ssp_chosen,table_ssp_cpu,2,FALSE),0)," CPUs : ",IF(sizing_w02_ssp_chosen<>"Excluded",VLOOKUP(sizing_w02_ssp_chosen,table_ssp_ram,2,FALSE),0), " GB : ",IF(sizing_w02_ssp_chosen<>"Excluded",VLOOKUP(sizing_w02_ssp_chosen,table_ssp_disk,2,FALSE),0)," GB") -> 0 CPUs : 0 GB : 0 GB | X37: =IF(sizing_w02_chosen="Included",CONCATENATE("vCenter:",VLOOKUP(sizing_w02_vcenter_appliance_size,vcenter_sizing_limits,2,FALSE)," | NSX LM ",VLOOKUP(sizing_w02_nsxt_appliance_size,nsx_sizing_limits,2,FALSE)),"")
B38: w03 | C38: Excluded | D38: Medium | E38: =CONCATENATE(IF(sizing_w03_chosen="Included",VLOOKUP(sizing_w03_vcenter_appliance_size,table_vcenter_appliance_cpu,2,FALSE),0)," CPUs ",": ",IF(sizing_w03_chosen="Included",VLOOKUP(sizing_w03_vcenter_appliance_size,table_vcenter_appliance_ram,2,FALSE),0)," GB") -> 0 CPUs : 0 GB | F38: Default | G38: =CONCATENATE(IF(sizing_w03_chosen="Included",VLOOKUP(CONCATENATE(sizing_w03_vcenter_appliance_size,sizing_w03_vcenter_storage_size),table_vcenter_disk_gb,2,FALSE),0)," GB") -> 0 GB | H38: Dedicated - HA Cluster | I38: Large | J38: =CONCATENATE(IF(AND(sizing_w03_chosen="Included",sizing_w03_nsxt_model<>"Shared"),VLOOKUP(sizing_w03_nsxt_appliance_size,table_nsxt_manager_cpu,2,FALSE),0)," CPUs : ",IF(AND(sizing_w03_chosen="Included",sizing_w03_nsxt_model<>"Shared"),VLOOKUP(sizing_w03_nsxt_appliance_size,table_nsxt_manager_ram,2,FALSE),0), " GB : ",IF(AND(sizing_w03_chosen="Included",sizing_w03_nsxt_model<>"Shared"),VLOOKUP(sizing_w03_nsxt_appliance_size,table_nsxt_manager_disk_gb,2,FALSE),0)," GB") -> 0 CPUs : 0 GB : 0 GB | L38: Excluded | M38: Large | N38: =CONCATENATE(IF(AND(sizing_w03_gm_chosen<>"Excluded",sizing_w03_gm_chosen<>"Connect Instance"),VLOOKUP(sizing_w03_nsxt_gm_appliance_size,table_nsxt_manager_cpu,2,FALSE),0)," CPUs : ",IF(AND(sizing_w03_gm_chosen<>"Excluded",sizing_w03_gm_chosen<>"Connect Instance"),VLOOKUP(sizing_w03_nsxt_gm_appliance_size,table_nsxt_manager_ram,2,FALSE),0)," GB : ",IF(AND(sizing_w03_gm_chosen<>"Excluded",sizing_w03_gm_chosen<>"Connect Instance"),VLOOKUP(sizing_w03_nsxt_gm_appliance_size,table_nsxt_manager_disk_gb,2,FALSE),0)," GB") -> 0 CPUs : 0 GB : 0 GB | P38: Exclude | Q38: =(CONCATENATE(IF(AND(sizing_w03_chosen="Included",sizing_w03_spr_chosen="Include"),VLOOKUP(input_wld_srm_vm_size,table_srm_cpu,2,FALSE),0)," CPUs :",IF(AND(sizing_w03_chosen="Included",sizing_w03_spr_chosen="Include"),VLOOKUP(input_wld_srm_vm_size,table_srm_ram,2,FALSE),0)," GB : ",IF(AND(sizing_w03_chosen="Included",sizing_w03_spr_chosen="Include"),VLOOKUP(input_wld_srm_vm_size,table_srm_disk,2,FALSE),0)," GB")) -> 0 CPUs :0 GB : 0 GB | S38: Excluded | T38: =CONCATENATE(IF(AND(sizing_w03_chosen="Included",sizing_w03_avi_appliance_size<>"Excluded"),VLOOKUP(sizing_w03_avi_appliance_size,table_avi_lb_cpu,2,FALSE),0), " CPUs : ",IF(AND(sizing_w03_chosen="Included",sizing_w03_avi_appliance_size<>"Excluded"),VLOOKUP(sizing_w03_avi_appliance_size,table_avi_lb_ram,2,FALSE),0), " GB : ",IF(AND(sizing_w03_chosen="Included",sizing_w03_avi_appliance_size<>"Excluded"),VLOOKUP(sizing_w03_avi_appliance_size,table_avi_lb_disk,2,FALSE),0)," GB") -> 0 CPUs : 0 GB : 0 GB | V38: Excluded | W38: =CONCATENATE(IF(sizing_w03_ssp_chosen<>"Excluded",VLOOKUP(sizing_w03_ssp_chosen,table_ssp_cpu,2,FALSE),0)," CPUs : ",IF(sizing_w03_ssp_chosen<>"Excluded",VLOOKUP(sizing_w03_ssp_chosen,table_ssp_ram,2,FALSE),0), " GB : ",IF(sizing_w03_ssp_chosen<>"Excluded",VLOOKUP(sizing_w03_ssp_chosen,table_ssp_disk,2,FALSE),0)," GB") -> 0 CPUs : 0 GB : 0 GB | X38: =IF(sizing_w03_chosen="Included",CONCATENATE("vCenter:",VLOOKUP(sizing_w03_vcenter_appliance_size,vcenter_sizing_limits,2,FALSE)," | NSX LM ",VLOOKUP(sizing_w03_nsxt_appliance_size,nsx_sizing_limits,2,FALSE)),"")
B39: w04 | C39: Excluded | D39: Medium | E39: =CONCATENATE(IF(sizing_w04_chosen="Included",VLOOKUP(sizing_w04_vcenter_appliance_size,table_vcenter_appliance_cpu,2,FALSE),0)," CPUs ",": ",IF(sizing_w04_chosen="Included",VLOOKUP(sizing_w04_vcenter_appliance_size,table_vcenter_appliance_ram,2,FALSE),0)," GB") -> 0 CPUs : 0 GB | F39: Default | G39: =CONCATENATE(IF(sizing_w04_chosen="Included",VLOOKUP(CONCATENATE(sizing_w04_vcenter_appliance_size,sizing_w04_vcenter_storage_size),table_vcenter_disk_gb,2,FALSE),0)," GB") -> 0 GB | H39: Dedicated - HA Cluster | I39: Large | J39: =CONCATENATE(IF(AND(sizing_w04_chosen="Included",sizing_w04_nsxt_model<>"Shared"),VLOOKUP(sizing_w04_nsxt_appliance_size,table_nsxt_manager_cpu,2,FALSE),0)," CPUs : ",IF(AND(sizing_w04_chosen="Included",sizing_w04_nsxt_model<>"Shared"),VLOOKUP(sizing_w04_nsxt_appliance_size,table_nsxt_manager_ram,2,FALSE),0), " GB : ",IF(AND(sizing_w04_chosen="Included",sizing_w04_nsxt_model<>"Shared"),VLOOKUP(sizing_w04_nsxt_appliance_size,table_nsxt_manager_disk_gb,2,FALSE),0)," GB") -> 0 CPUs : 0 GB : 0 GB | L39: Excluded | M39: Large | N39: =CONCATENATE(IF(AND(sizing_w04_gm_chosen<>"Excluded",sizing_w04_gm_chosen<>"Connect Instance"),VLOOKUP(sizing_w04_nsxt_gm_appliance_size,table_nsxt_manager_cpu,2,FALSE),0)," CPUs : ",IF(AND(sizing_w04_gm_chosen<>"Excluded",sizing_w04_gm_chosen<>"Connect Instance"),VLOOKUP(sizing_w04_nsxt_gm_appliance_size,table_nsxt_manager_ram,2,FALSE),0)," GB : ",IF(AND(sizing_w04_gm_chosen<>"Excluded",sizing_w04_gm_chosen<>"Connect Instance"),VLOOKUP(sizing_w04_nsxt_gm_appliance_size,table_nsxt_manager_disk_gb,2,FALSE),0)," GB") -> 0 CPUs : 0 GB : 0 GB | P39: Exclude | Q39: =(CONCATENATE(IF(AND(sizing_w04_chosen="Included",sizing_w04_spr_chosen="Include"),VLOOKUP(input_wld_srm_vm_size,table_srm_cpu,2,FALSE),0)," CPUs :",IF(AND(sizing_w04_chosen="Included",sizing_w04_spr_chosen="Include"),VLOOKUP(input_wld_srm_vm_size,table_srm_ram,2,FALSE),0)," GB : ",IF(AND(sizing_w04_chosen="Included",sizing_w04_spr_chosen="Include"),VLOOKUP(input_wld_srm_vm_size,table_srm_disk,2,FALSE),0)," GB")) -> 0 CPUs :0 GB : 0 GB | S39: Excluded | T39: =CONCATENATE(IF(AND(sizing_w04_chosen="Included",sizing_w04_avi_appliance_size<>"Excluded"),VLOOKUP(sizing_w04_avi_appliance_size,table_avi_lb_cpu,2,FALSE),0), " CPUs : ",IF(AND(sizing_w04_chosen="Included",sizing_w04_avi_appliance_size<>"Excluded"),VLOOKUP(sizing_w04_avi_appliance_size,table_avi_lb_ram,2,FALSE),0), " GB : ",IF(AND(sizing_w04_chosen="Included",sizing_w04_avi_appliance_size<>"Excluded"),VLOOKUP(sizing_w04_avi_appliance_size,table_avi_lb_disk,2,FALSE),0)," GB") -> 0 CPUs : 0 GB : 0 GB | V39: Excluded | W39: =CONCATENATE(IF(sizing_w04_ssp_chosen<>"Excluded",VLOOKUP(sizing_w04_ssp_chosen,table_ssp_cpu,2,FALSE),0)," CPUs : ",IF(sizing_w04_ssp_chosen<>"Excluded",VLOOKUP(sizing_w04_ssp_chosen,table_ssp_ram,2,FALSE),0), " GB : ",IF(sizing_w04_ssp_chosen<>"Excluded",VLOOKUP(sizing_w04_ssp_chosen,table_ssp_disk,2,FALSE),0)," GB") -> 0 CPUs : 0 GB : 0 GB | X39: =IF(sizing_w04_chosen="Included",CONCATENATE("vCenter:",VLOOKUP(sizing_w04_vcenter_appliance_size,vcenter_sizing_limits,2,FALSE)," | NSX LM ",VLOOKUP(sizing_w04_nsxt_appliance_size,nsx_sizing_limits,2,FALSE)),"")
B40: w05 | C40: Excluded | D40: Medium | E40: =CONCATENATE(IF(sizing_w05_chosen="Included",VLOOKUP(sizing_w05_vcenter_appliance_size,table_vcenter_appliance_cpu,2,FALSE),0)," CPUs ",": ",IF(sizing_w05_chosen="Included",VLOOKUP(sizing_w05_vcenter_appliance_size,table_vcenter_appliance_ram,2,FALSE),0)," GB") -> 0 CPUs : 0 GB | F40: Default | G40: =CONCATENATE(IF(sizing_w05_chosen="Included",VLOOKUP(CONCATENATE(sizing_w05_vcenter_appliance_size,sizing_w05_vcenter_storage_size),table_vcenter_disk_gb,2,FALSE),0)," GB") -> 0 GB | H40: Dedicated - HA Cluster | I40: Large | J40: =CONCATENATE(IF(AND(sizing_w05_chosen="Included",sizing_w05_nsxt_model<>"Shared"),VLOOKUP(sizing_w05_nsxt_appliance_size,table_nsxt_manager_cpu,2,FALSE),0)," CPUs : ",IF(AND(sizing_w05_chosen="Included",sizing_w05_nsxt_model<>"Shared"),VLOOKUP(sizing_w05_nsxt_appliance_size,table_nsxt_manager_ram,2,FALSE),0), " GB : ",IF(AND(sizing_w05_chosen="Included",sizing_w05_nsxt_model<>"Shared"),VLOOKUP(sizing_w05_nsxt_appliance_size,table_nsxt_manager_disk_gb,2,FALSE),0)," GB") -> 0 CPUs : 0 GB : 0 GB | L40: Excluded | M40: Large | N40: =CONCATENATE(IF(AND(sizing_w05_gm_chosen<>"Excluded",sizing_w05_gm_chosen<>"Connect Instance"),VLOOKUP(sizing_w05_nsxt_gm_appliance_size,table_nsxt_manager_cpu,2,FALSE),0)," CPUs : ",IF(AND(sizing_w05_gm_chosen<>"Excluded",sizing_w05_gm_chosen<>"Connect Instance"),VLOOKUP(sizing_w05_nsxt_gm_appliance_size,table_nsxt_manager_ram,2,FALSE),0)," GB : ",IF(AND(sizing_w05_gm_chosen<>"Excluded",sizing_w05_gm_chosen<>"Connect Instance"),VLOOKUP(sizing_w05_nsxt_gm_appliance_size,table_nsxt_manager_disk_gb,2,FALSE),0)," GB") -> 0 CPUs : 0 GB : 0 GB | P40: Exclude | Q40: =(CONCATENATE(IF(AND(sizing_w05_chosen="Included",sizing_w05_spr_chosen="Include"),VLOOKUP(input_wld_srm_vm_size,table_srm_cpu,2,FALSE),0)," CPUs :",IF(AND(sizing_w05_chosen="Included",sizing_w05_spr_chosen="Include"),VLOOKUP(input_wld_srm_vm_size,table_srm_ram,2,FALSE),0)," GB : ",IF(AND(sizing_w05_chosen="Included",sizing_w05_spr_chosen="Include"),VLOOKUP(input_wld_srm_vm_size,table_srm_disk,2,FALSE),0)," GB")) -> 0 CPUs :0 GB : 0 GB | S40: Excluded | T40: =CONCATENATE(IF(AND(sizing_w05_chosen="Included",sizing_w05_avi_appliance_size<>"Excluded"),VLOOKUP(sizing_w05_avi_appliance_size,table_avi_lb_cpu,2,FALSE),0), " CPUs : ",IF(AND(sizing_w05_chosen="Included",sizing_w05_avi_appliance_size<>"Excluded"),VLOOKUP(sizing_w05_avi_appliance_size,table_avi_lb_ram,2,FALSE),0), " GB : ",IF(AND(sizing_w05_chosen="Included",sizing_w05_avi_appliance_size<>"Excluded"),VLOOKUP(sizing_w05_avi_appliance_size,table_avi_lb_disk,2,FALSE),0)," GB") -> 0 CPUs : 0 GB : 0 GB | V40: Excluded | W40: =CONCATENATE(IF(sizing_w05_ssp_chosen<>"Excluded",VLOOKUP(sizing_w05_ssp_chosen,table_ssp_cpu,2,FALSE),0)," CPUs : ",IF(sizing_w05_ssp_chosen<>"Excluded",VLOOKUP(sizing_w05_ssp_chosen,table_ssp_ram,2,FALSE),0), " GB : ",IF(sizing_w05_ssp_chosen<>"Excluded",VLOOKUP(sizing_w05_ssp_chosen,table_ssp_disk,2,FALSE),0)," GB") -> 0 CPUs : 0 GB : 0 GB | X40: =IF(sizing_w05_chosen="Included",CONCATENATE("vCenter:",VLOOKUP(sizing_w05_vcenter_appliance_size,vcenter_sizing_limits,2,FALSE)," | NSX LM ",VLOOKUP(sizing_w05_nsxt_appliance_size,nsx_sizing_limits,2,FALSE)),"")
B41: w06 | C41: Excluded | D41: Medium | E41: =CONCATENATE(IF(sizing_w06_chosen="Included",VLOOKUP(sizing_w06_vcenter_appliance_size,table_vcenter_appliance_cpu,2,FALSE),0)," CPUs ",": ",IF(sizing_w06_chosen="Included",VLOOKUP(sizing_w06_vcenter_appliance_size,table_vcenter_appliance_ram,2,FALSE),0)," GB") -> 0 CPUs : 0 GB | F41: Default | G41: =CONCATENATE(IF(sizing_w06_chosen="Included",VLOOKUP(CONCATENATE(sizing_w06_vcenter_appliance_size,sizing_w06_vcenter_storage_size),table_vcenter_disk_gb,2,FALSE),0)," GB") -> 0 GB | H41: Dedicated - HA Cluster | I41: Large | J41: =CONCATENATE(IF(AND(sizing_w06_chosen="Included",sizing_w06_nsxt_model<>"Shared"),VLOOKUP(sizing_w06_nsxt_appliance_size,table_nsxt_manager_cpu,2,FALSE),0)," CPUs : ",IF(AND(sizing_w06_chosen="Included",sizing_w06_nsxt_model<>"Shared"),VLOOKUP(sizing_w06_nsxt_appliance_size,table_nsxt_manager_ram,2,FALSE),0), " GB : ",IF(AND(sizing_w06_chosen="Included",sizing_w06_nsxt_model<>"Shared"),VLOOKUP(sizing_w06_nsxt_appliance_size,table_nsxt_manager_disk_gb,2,FALSE),0)," GB") -> 0 CPUs : 0 GB : 0 GB | L41: Excluded | M41: Large | N41: =CONCATENATE(IF(AND(sizing_w06_gm_chosen<>"Excluded",sizing_w06_gm_chosen<>"Connect Instance"),VLOOKUP(sizing_w06_nsxt_gm_appliance_size,table_nsxt_manager_cpu,2,FALSE),0)," CPUs : ",IF(AND(sizing_w06_gm_chosen<>"Excluded",sizing_w06_gm_chosen<>"Connect Instance"),VLOOKUP(sizing_w06_nsxt_gm_appliance_size,table_nsxt_manager_ram,2,FALSE),0)," GB : ",IF(AND(sizing_w06_gm_chosen<>"Excluded",sizing_w06_gm_chosen<>"Connect Instance"),VLOOKUP(sizing_w06_nsxt_gm_appliance_size,table_nsxt_manager_disk_gb,2,FALSE),0)," GB") -> 0 CPUs : 0 GB : 0 GB | P41: Exclude | Q41: =(CONCATENATE(IF(AND(sizing_w06_chosen="Included",sizing_w06_spr_chosen="Include"),VLOOKUP(input_wld_srm_vm_size,table_srm_cpu,2,FALSE),0)," CPUs :",IF(AND(sizing_w06_chosen="Included",sizing_w06_spr_chosen="Include"),VLOOKUP(input_wld_srm_vm_size,table_srm_ram,2,FALSE),0)," GB : ",IF(AND(sizing_w06_chosen="Included",sizing_w06_spr_chosen="Include"),VLOOKUP(input_wld_srm_vm_size,table_srm_disk,2,FALSE),0)," GB")) -> 0 CPUs :0 GB : 0 GB | S41: Excluded | T41: =CONCATENATE(IF(AND(sizing_w06_chosen="Included",sizing_w06_avi_appliance_size<>"Excluded"),VLOOKUP(sizing_w06_avi_appliance_size,table_avi_lb_cpu,2,FALSE),0), " CPUs : ",IF(AND(sizing_w06_chosen="Included",sizing_w06_avi_appliance_size<>"Excluded"),VLOOKUP(sizing_w06_avi_appliance_size,table_avi_lb_ram,2,FALSE),0), " GB : ",IF(AND(sizing_w06_chosen="Included",sizing_w06_avi_appliance_size<>"Excluded"),VLOOKUP(sizing_w06_avi_appliance_size,table_avi_lb_disk,2,FALSE),0)," GB") -> 0 CPUs : 0 GB : 0 GB | V41: Excluded | W41: =CONCATENATE(IF(sizing_w06_ssp_chosen<>"Excluded",VLOOKUP(sizing_w06_ssp_chosen,table_ssp_cpu,2,FALSE),0)," CPUs : ",IF(sizing_w06_ssp_chosen<>"Excluded",VLOOKUP(sizing_w06_ssp_chosen,table_ssp_ram,2,FALSE),0), " GB : ",IF(sizing_w06_ssp_chosen<>"Excluded",VLOOKUP(sizing_w06_ssp_chosen,table_ssp_disk,2,FALSE),0)," GB") -> 0 CPUs : 0 GB : 0 GB | X41: =IF(sizing_w06_chosen="Included",CONCATENATE("vCenter:",VLOOKUP(sizing_w06_vcenter_appliance_size,vcenter_sizing_limits,2,FALSE)," | NSX LM ",VLOOKUP(sizing_w06_nsxt_appliance_size,nsx_sizing_limits,2,FALSE)),"")
B42: w07 | C42: Excluded | D42: Medium | E42: =CONCATENATE(IF(sizing_w07_chosen="Included",VLOOKUP(sizing_w07_vcenter_appliance_size,table_vcenter_appliance_cpu,2,FALSE),0)," CPUs ",": ",IF(sizing_w07_chosen="Included",VLOOKUP(sizing_w07_vcenter_appliance_size,table_vcenter_appliance_ram,2,FALSE),0)," GB") -> 0 CPUs : 0 GB | F42: Default | G42: =CONCATENATE(IF(sizing_w07_chosen="Included",VLOOKUP(CONCATENATE(sizing_w07_vcenter_appliance_size,sizing_w07_vcenter_storage_size),table_vcenter_disk_gb,2,FALSE),0)," GB") -> 0 GB | H42: Dedicated - HA Cluster | I42: Large | J42: =CONCATENATE(IF(AND(sizing_w07_chosen="Included",sizing_w07_nsxt_model<>"Shared"),VLOOKUP(sizing_w07_nsxt_appliance_size,table_nsxt_manager_cpu,2,FALSE),0)," CPUs : ",IF(AND(sizing_w07_chosen="Included",sizing_w07_nsxt_model<>"Shared"),VLOOKUP(sizing_w07_nsxt_appliance_size,table_nsxt_manager_ram,2,FALSE),0), " GB : ",IF(AND(sizing_w07_chosen="Included",sizing_w07_nsxt_model<>"Shared"),VLOOKUP(sizing_w07_nsxt_appliance_size,table_nsxt_manager_disk_gb,2,FALSE),0)," GB") -> 0 CPUs : 0 GB : 0 GB | L42: Excluded | M42: Large | N42: =CONCATENATE(IF(AND(sizing_w07_gm_chosen<>"Excluded",sizing_w07_gm_chosen<>"Connect Instance"),VLOOKUP(sizing_w07_nsxt_gm_appliance_size,table_nsxt_manager_cpu,2,FALSE),0)," CPUs : ",IF(AND(sizing_w07_gm_chosen<>"Excluded",sizing_w07_gm_chosen<>"Connect Instance"),VLOOKUP(sizing_w07_nsxt_gm_appliance_size,table_nsxt_manager_ram,2,FALSE),0)," GB : ",IF(AND(sizing_w07_gm_chosen<>"Excluded",sizing_w07_gm_chosen<>"Connect Instance"),VLOOKUP(sizing_w07_nsxt_gm_appliance_size,table_nsxt_manager_disk_gb,2,FALSE),0)," GB") -> 0 CPUs : 0 GB : 0 GB | P42: Exclude | Q42: =(CONCATENATE(IF(AND(sizing_w07_chosen="Included",sizing_w07_spr_chosen="Include"),VLOOKUP(input_wld_srm_vm_size,table_srm_cpu,2,FALSE),0)," CPUs :",IF(AND(sizing_w07_chosen="Included",sizing_w07_spr_chosen="Include"),VLOOKUP(input_wld_srm_vm_size,table_srm_ram,2,FALSE),0)," GB : ",IF(AND(sizing_w07_chosen="Included",sizing_w07_spr_chosen="Include"),VLOOKUP(input_wld_srm_vm_size,table_srm_disk,2,FALSE),0)," GB")) -> 0 CPUs :0 GB : 0 GB | S42: Excluded | T42: =CONCATENATE(IF(AND(sizing_w07_chosen="Included",sizing_w07_avi_appliance_size<>"Excluded"),VLOOKUP(sizing_w07_avi_appliance_size,table_avi_lb_cpu,2,FALSE),0), " CPUs : ",IF(AND(sizing_w07_chosen="Included",sizing_w07_avi_appliance_size<>"Excluded"),VLOOKUP(sizing_w07_avi_appliance_size,table_avi_lb_ram,2,FALSE),0), " GB : ",IF(AND(sizing_w07_chosen="Included",sizing_w07_avi_appliance_size<>"Excluded"),VLOOKUP(sizing_w07_avi_appliance_size,table_avi_lb_disk,2,FALSE),0)," GB") -> 0 CPUs : 0 GB : 0 GB | V42: Excluded | W42: =CONCATENATE(IF(sizing_w07_ssp_chosen<>"Excluded",VLOOKUP(sizing_w07_ssp_chosen,table_ssp_cpu,2,FALSE),0)," CPUs : ",IF(sizing_w07_ssp_chosen<>"Excluded",VLOOKUP(sizing_w07_ssp_chosen,table_ssp_ram,2,FALSE),0), " GB : ",IF(sizing_w07_ssp_chosen<>"Excluded",VLOOKUP(sizing_w07_ssp_chosen,table_ssp_disk,2,FALSE),0)," GB") -> 0 CPUs : 0 GB : 0 GB | X42: =IF(sizing_w07_chosen="Included",CONCATENATE("vCenter:",VLOOKUP(sizing_w07_vcenter_appliance_size,vcenter_sizing_limits,2,FALSE)," | NSX LM ",VLOOKUP(sizing_w07_nsxt_appliance_size,nsx_sizing_limits,2,FALSE)),"")
B43: w08 | C43: Excluded | D43: Medium | E43: =CONCATENATE(IF(sizing_w08_chosen="Included",VLOOKUP(sizing_w08_vcenter_appliance_size,table_vcenter_appliance_cpu,2,FALSE),0)," CPUs ",": ",IF(sizing_w08_chosen="Included",VLOOKUP(sizing_w08_vcenter_appliance_size,table_vcenter_appliance_ram,2,FALSE),0)," GB") -> 0 CPUs : 0 GB | F43: Default | G43: =CONCATENATE(IF(sizing_w08_chosen="Included",VLOOKUP(CONCATENATE(sizing_w08_vcenter_appliance_size,sizing_w08_vcenter_storage_size),table_vcenter_disk_gb,2,FALSE),0)," GB") -> 0 GB | H43: Dedicated - HA Cluster | I43: Large | J43: =CONCATENATE(IF(AND(sizing_w08_chosen="Included",sizing_w08_nsxt_model<>"Shared"),VLOOKUP(sizing_w08_nsxt_appliance_size,table_nsxt_manager_cpu,2,FALSE),0)," CPUs : ",IF(AND(sizing_w08_chosen="Included",sizing_w08_nsxt_model<>"Shared"),VLOOKUP(sizing_w08_nsxt_appliance_size,table_nsxt_manager_ram,2,FALSE),0), " GB : ",IF(AND(sizing_w08_chosen="Included",sizing_w08_nsxt_model<>"Shared"),VLOOKUP(sizing_w08_nsxt_appliance_size,table_nsxt_manager_disk_gb,2,FALSE),0)," GB") -> 0 CPUs : 0 GB : 0 GB | L43: Excluded | M43: Large | N43: =CONCATENATE(IF(AND(sizing_w08_gm_chosen<>"Excluded",sizing_w08_gm_chosen<>"Connect Instance"),VLOOKUP(sizing_w08_nsxt_gm_appliance_size,table_nsxt_manager_cpu,2,FALSE),0)," CPUs : ",IF(AND(sizing_w08_gm_chosen<>"Excluded",sizing_w08_gm_chosen<>"Connect Instance"),VLOOKUP(sizing_w08_nsxt_gm_appliance_size,table_nsxt_manager_ram,2,FALSE),0)," GB : ",IF(AND(sizing_w08_gm_chosen<>"Excluded",sizing_w08_gm_chosen<>"Connect Instance"),VLOOKUP(sizing_w08_nsxt_gm_appliance_size,table_nsxt_manager_disk_gb,2,FALSE),0)," GB") -> 0 CPUs : 0 GB : 0 GB | P43: Exclude | Q43: =(CONCATENATE(IF(AND(sizing_w08_chosen="Included",sizing_w08_spr_chosen="Include"),VLOOKUP(input_wld_srm_vm_size,table_srm_cpu,2,FALSE),0)," CPUs :",IF(AND(sizing_w08_chosen="Included",sizing_w08_spr_chosen="Include"),VLOOKUP(input_wld_srm_vm_size,table_srm_ram,2,FALSE),0)," GB : ",IF(AND(sizing_w08_chosen="Included",sizing_w08_spr_chosen="Include"),VLOOKUP(input_wld_srm_vm_size,table_srm_disk,2,FALSE),0)," GB")) -> 0 CPUs :0 GB : 0 GB | S43: Excluded | T43: =CONCATENATE(IF(AND(sizing_w08_chosen="Included",sizing_w08_avi_appliance_size<>"Excluded"),VLOOKUP(sizing_w08_avi_appliance_size,table_avi_lb_cpu,2,FALSE),0), " CPUs : ",IF(AND(sizing_w08_chosen="Included",sizing_w08_avi_appliance_size<>"Excluded"),VLOOKUP(sizing_w08_avi_appliance_size,table_avi_lb_ram,2,FALSE),0), " GB : ",IF(AND(sizing_w08_chosen="Included",sizing_w08_avi_appliance_size<>"Excluded"),VLOOKUP(sizing_w08_avi_appliance_size,table_avi_lb_disk,2,FALSE),0)," GB") -> 0 CPUs : 0 GB : 0 GB | V43: Excluded | W43: =CONCATENATE(IF(sizing_w08_ssp_chosen<>"Excluded",VLOOKUP(sizing_w08_ssp_chosen,table_ssp_cpu,2,FALSE),0)," CPUs : ",IF(sizing_w08_ssp_chosen<>"Excluded",VLOOKUP(sizing_w08_ssp_chosen,table_ssp_ram,2,FALSE),0), " GB : ",IF(sizing_w08_ssp_chosen<>"Excluded",VLOOKUP(sizing_w08_ssp_chosen,table_ssp_disk,2,FALSE),0)," GB") -> 0 CPUs : 0 GB : 0 GB | X43: =IF(sizing_w08_chosen="Included",CONCATENATE("vCenter:",VLOOKUP(sizing_w08_vcenter_appliance_size,vcenter_sizing_limits,2,FALSE)," | NSX LM ",VLOOKUP(sizing_w08_nsxt_appliance_size,nsx_sizing_limits,2,FALSE)),"")
B44: w09 | C44: Excluded | D44: Medium | E44: =CONCATENATE(IF(sizing_w09_chosen="Included",VLOOKUP(sizing_w09_vcenter_appliance_size,table_vcenter_appliance_cpu,2,FALSE),0)," CPUs ",": ",IF(sizing_w09_chosen="Included",VLOOKUP(sizing_w09_vcenter_appliance_size,table_vcenter_appliance_ram,2,FALSE),0)," GB") -> 0 CPUs : 0 GB | F44: Default | G44: =CONCATENATE(IF(sizing_w09_chosen="Included",VLOOKUP(CONCATENATE(sizing_w09_vcenter_appliance_size,sizing_w09_vcenter_storage_size),table_vcenter_disk_gb,2,FALSE),0)," GB") -> 0 GB | H44: Dedicated - HA Cluster | I44: Large | J44: =CONCATENATE(IF(AND(sizing_w09_chosen="Included",sizing_w09_nsxt_model<>"Shared"),VLOOKUP(sizing_w09_nsxt_appliance_size,table_nsxt_manager_cpu,2,FALSE),0)," CPUs : ",IF(AND(sizing_w09_chosen="Included",sizing_w09_nsxt_model<>"Shared"),VLOOKUP(sizing_w09_nsxt_appliance_size,table_nsxt_manager_ram,2,FALSE),0), " GB : ",IF(AND(sizing_w09_chosen="Included",sizing_w09_nsxt_model<>"Shared"),VLOOKUP(sizing_w09_nsxt_appliance_size,table_nsxt_manager_disk_gb,2,FALSE),0)," GB") -> 0 CPUs : 0 GB : 0 GB | L44: Excluded | M44: Large | N44: =CONCATENATE(IF(AND(sizing_w09_gm_chosen<>"Excluded",sizing_w09_gm_chosen<>"Connect Instance"),VLOOKUP(sizing_w09_nsxt_gm_appliance_size,table_nsxt_manager_cpu,2,FALSE),0)," CPUs : ",IF(AND(sizing_w09_gm_chosen<>"Excluded",sizing_w09_gm_chosen<>"Connect Instance"),VLOOKUP(sizing_w09_nsxt_gm_appliance_size,table_nsxt_manager_ram,2,FALSE),0)," GB : ",IF(AND(sizing_w09_gm_chosen<>"Excluded",sizing_w09_gm_chosen<>"Connect Instance"),VLOOKUP(sizing_w09_nsxt_gm_appliance_size,table_nsxt_manager_disk_gb,2,FALSE),0)," GB") -> 0 CPUs : 0 GB : 0 GB | P44: Exclude | Q44: =(CONCATENATE(IF(AND(sizing_w09_chosen="Included",sizing_w09_spr_chosen="Include"),VLOOKUP(input_wld_srm_vm_size,table_srm_cpu,2,FALSE),0)," CPUs :",IF(AND(sizing_w09_chosen="Included",sizing_w09_spr_chosen="Include"),VLOOKUP(input_wld_srm_vm_size,table_srm_ram,2,FALSE),0)," GB : ",IF(AND(sizing_w09_chosen="Included",sizing_w09_spr_chosen="Include"),VLOOKUP(input_wld_srm_vm_size,table_srm_disk,2,FALSE),0)," GB")) -> 0 CPUs :0 GB : 0 GB | S44: Excluded | T44: =CONCATENATE(IF(AND(sizing_w09_chosen="Included",sizing_w09_avi_appliance_size<>"Excluded"),VLOOKUP(sizing_w09_avi_appliance_size,table_avi_lb_cpu,2,FALSE),0), " CPUs : ",IF(AND(sizing_w09_chosen="Included",sizing_w09_avi_appliance_size<>"Excluded"),VLOOKUP(sizing_w09_avi_appliance_size,table_avi_lb_ram,2,FALSE),0), " GB : ",IF(AND(sizing_w09_chosen="Included",sizing_w09_avi_appliance_size<>"Excluded"),VLOOKUP(sizing_w09_avi_appliance_size,table_avi_lb_disk,2,FALSE),0)," GB") -> 0 CPUs : 0 GB : 0 GB | V44: Excluded | W44: =CONCATENATE(IF(sizing_w09_ssp_chosen<>"Excluded",VLOOKUP(sizing_w09_ssp_chosen,table_ssp_cpu,2,FALSE),0)," CPUs : ",IF(sizing_w09_ssp_chosen<>"Excluded",VLOOKUP(sizing_w09_ssp_chosen,table_ssp_ram,2,FALSE),0), " GB : ",IF(sizing_w09_ssp_chosen<>"Excluded",VLOOKUP(sizing_w09_ssp_chosen,table_ssp_disk,2,FALSE),0)," GB") -> 0 CPUs : 0 GB : 0 GB | X44: =IF(sizing_w09_chosen="Included",CONCATENATE("vCenter:",VLOOKUP(sizing_w09_vcenter_appliance_size,vcenter_sizing_limits,2,FALSE)," | NSX LM ",VLOOKUP(sizing_w09_nsxt_appliance_size,nsx_sizing_limits,2,FALSE)),"")
B45: w10 | C45: Excluded | D45: Medium | E45: =CONCATENATE(IF(sizing_w10_chosen="Included",VLOOKUP(sizing_w10_vcenter_appliance_size,table_vcenter_appliance_cpu,2,FALSE),0)," CPUs ",": ",IF(sizing_w10_chosen="Included",VLOOKUP(sizing_w10_vcenter_appliance_size,table_vcenter_appliance_ram,2,FALSE),0)," GB") -> 0 CPUs : 0 GB | F45: Default | G45: =CONCATENATE(IF(sizing_w10_chosen="Included",VLOOKUP(CONCATENATE(sizing_w10_vcenter_appliance_size,sizing_w10_vcenter_storage_size),table_vcenter_disk_gb,2,FALSE),0)," GB") -> 0 GB | H45: Dedicated - HA Cluster | I45: Large | J45: =CONCATENATE(IF(AND(sizing_w10_chosen="Included",sizing_w10_nsxt_model<>"Shared"),VLOOKUP(sizing_w10_nsxt_appliance_size,table_nsxt_manager_cpu,2,FALSE),0)," CPUs : ",IF(AND(sizing_w10_chosen="Included",sizing_w10_nsxt_model<>"Shared"),VLOOKUP(sizing_w10_nsxt_appliance_size,table_nsxt_manager_ram,2,FALSE),0), " GB : ",IF(AND(sizing_w10_chosen="Included",sizing_w10_nsxt_model<>"Shared"),VLOOKUP(sizing_w10_nsxt_appliance_size,table_nsxt_manager_disk_gb,2,FALSE),0)," GB") -> 0 CPUs : 0 GB : 0 GB | L45: Excluded | M45: Large | N45: =CONCATENATE(IF(AND(sizing_w10_gm_chosen<>"Excluded",sizing_w10_gm_chosen<>"Connect Instance"),VLOOKUP(sizing_w10_nsxt_gm_appliance_size,table_nsxt_manager_cpu,2,FALSE),0)," CPUs : ",IF(AND(sizing_w10_gm_chosen<>"Excluded",sizing_w10_gm_chosen<>"Connect Instance"),VLOOKUP(sizing_w10_nsxt_gm_appliance_size,table_nsxt_manager_ram,2,FALSE),0)," GB : ",IF(AND(sizing_w10_gm_chosen<>"Excluded",sizing_w10_gm_chosen<>"Connect Instance"),VLOOKUP(sizing_w10_nsxt_gm_appliance_size,table_nsxt_manager_disk_gb,2,FALSE),0)," GB") -> 0 CPUs : 0 GB : 0 GB | P45: Exclude | Q45: =(CONCATENATE(IF(AND(sizing_w10_chosen="Included",sizing_w10_spr_chosen="Include"),VLOOKUP(input_wld_srm_vm_size,table_srm_cpu,2,FALSE),0)," CPUs :",IF(AND(sizing_w10_chosen="Included",sizing_w10_spr_chosen="Include"),VLOOKUP(input_wld_srm_vm_size,table_srm_ram,2,FALSE),0)," GB : ",IF(AND(sizing_w10_chosen="Included",sizing_w10_spr_chosen="Include"),VLOOKUP(input_wld_srm_vm_size,table_srm_disk,2,FALSE),0)," GB")) -> 0 CPUs :0 GB : 0 GB | S45: Excluded | T45: =CONCATENATE(IF(AND(sizing_w10_chosen="Included",sizing_w10_avi_appliance_size<>"Excluded"),VLOOKUP(sizing_w10_avi_appliance_size,table_avi_lb_cpu,2,FALSE),0), " CPUs : ",IF(AND(sizing_w10_chosen="Included",sizing_w10_avi_appliance_size<>"Excluded"),VLOOKUP(sizing_w10_avi_appliance_size,table_avi_lb_ram,2,FALSE),0), " GB : ",IF(AND(sizing_w10_chosen="Included",sizing_w10_avi_appliance_size<>"Excluded"),VLOOKUP(sizing_w10_avi_appliance_size,table_avi_lb_disk,2,FALSE),0)," GB") -> 0 CPUs : 0 GB : 0 GB | V45: Excluded | W45: =CONCATENATE(IF(sizing_w10_ssp_chosen<>"Excluded",VLOOKUP(sizing_w10_ssp_chosen,table_ssp_cpu,2,FALSE),0)," CPUs : ",IF(sizing_w10_ssp_chosen<>"Excluded",VLOOKUP(sizing_w10_ssp_chosen,table_ssp_ram,2,FALSE),0), " GB : ",IF(sizing_w10_ssp_chosen<>"Excluded",VLOOKUP(sizing_w10_ssp_chosen,table_ssp_disk,2,FALSE),0)," GB") -> 0 CPUs : 0 GB : 0 GB | X45: =IF(sizing_w10_chosen="Included",CONCATENATE("vCenter:",VLOOKUP(sizing_w10_vcenter_appliance_size,vcenter_sizing_limits,2,FALSE)," | NSX LM ",VLOOKUP(sizing_w10_nsxt_appliance_size,nsx_sizing_limits,2,FALSE)),"")
B46: w11 | C46: Excluded | D46: Medium | E46: =CONCATENATE(IF(sizing_w11_chosen="Included",VLOOKUP(sizing_w11_vcenter_appliance_size,table_vcenter_appliance_cpu,2,FALSE),0)," CPUs ",": ",IF(sizing_w11_chosen="Included",VLOOKUP(sizing_w11_vcenter_appliance_size,table_vcenter_appliance_ram,2,FALSE),0)," GB") -> 0 CPUs : 0 GB | F46: Default | G46: =CONCATENATE(IF(sizing_w11_chosen="Included",VLOOKUP(CONCATENATE(sizing_w11_vcenter_appliance_size,sizing_w11_vcenter_storage_size),table_vcenter_disk_gb,2,FALSE),0)," GB") -> 0 GB | H46: Dedicated - HA Cluster | I46: Large | J46: =CONCATENATE(IF(AND(sizing_w11_chosen="Included",sizing_w11_nsxt_model<>"Shared"),VLOOKUP(sizing_w11_nsxt_appliance_size,table_nsxt_manager_cpu,2,FALSE),0)," CPUs : ",IF(AND(sizing_w11_chosen="Included",sizing_w11_nsxt_model<>"Shared"),VLOOKUP(sizing_w11_nsxt_appliance_size,table_nsxt_manager_ram,2,FALSE),0), " GB : ",IF(AND(sizing_w11_chosen="Included",sizing_w11_nsxt_model<>"Shared"),VLOOKUP(sizing_w11_nsxt_appliance_size,table_nsxt_manager_disk_gb,2,FALSE),0)," GB") -> 0 CPUs : 0 GB : 0 GB | L46: Excluded | M46: Large | N46: =CONCATENATE(IF(AND(sizing_w11_gm_chosen<>"Excluded",sizing_w11_gm_chosen<>"Connect Instance"),VLOOKUP(sizing_w11_nsxt_gm_appliance_size,table_nsxt_manager_cpu,2,FALSE),0)," CPUs : ",IF(AND(sizing_w11_gm_chosen<>"Excluded",sizing_w11_gm_chosen<>"Connect Instance"),VLOOKUP(sizing_w11_nsxt_gm_appliance_size,table_nsxt_manager_ram,2,FALSE),0)," GB : ",IF(AND(sizing_w11_gm_chosen<>"Excluded",sizing_w11_gm_chosen<>"Connect Instance"),VLOOKUP(sizing_w11_nsxt_gm_appliance_size,table_nsxt_manager_disk_gb,2,FALSE),0)," GB") -> 0 CPUs : 0 GB : 0 GB | P46: Exclude | Q46: =(CONCATENATE(IF(AND(sizing_w11_chosen="Included",sizing_w11_spr_chosen="Include"),VLOOKUP(input_wld_srm_vm_size,table_srm_cpu,2,FALSE),0)," CPUs :",IF(AND(sizing_w11_chosen="Included",sizing_w11_spr_chosen="Include"),VLOOKUP(input_wld_srm_vm_size,table_srm_ram,2,FALSE),0)," GB : ",IF(AND(sizing_w11_chosen="Included",sizing_w11_spr_chosen="Include"),VLOOKUP(input_wld_srm_vm_size,table_srm_disk,2,FALSE),0)," GB")) -> 0 CPUs :0 GB : 0 GB | S46: Excluded | T46: =CONCATENATE(IF(AND(sizing_w11_chosen="Included",sizing_w11_avi_appliance_size<>"Excluded"),VLOOKUP(sizing_w11_avi_appliance_size,table_avi_lb_cpu,2,FALSE),0), " CPUs : ",IF(AND(sizing_w11_chosen="Included",sizing_w11_avi_appliance_size<>"Excluded"),VLOOKUP(sizing_w11_avi_appliance_size,table_avi_lb_ram,2,FALSE),0), " GB : ",IF(AND(sizing_w11_chosen="Included",sizing_w11_avi_appliance_size<>"Excluded"),VLOOKUP(sizing_w11_avi_appliance_size,table_avi_lb_disk,2,FALSE),0)," GB") -> 0 CPUs : 0 GB : 0 GB | V46: Excluded | W46: =CONCATENATE(IF(sizing_w11_ssp_chosen<>"Excluded",VLOOKUP(sizing_w11_ssp_chosen,table_ssp_cpu,2,FALSE),0)," CPUs : ",IF(sizing_w11_ssp_chosen<>"Excluded",VLOOKUP(sizing_w11_ssp_chosen,table_ssp_ram,2,FALSE),0), " GB : ",IF(sizing_w11_ssp_chosen<>"Excluded",VLOOKUP(sizing_w11_ssp_chosen,table_ssp_disk,2,FALSE),0)," GB") -> 0 CPUs : 0 GB : 0 GB | X46: =IF(sizing_w11_chosen="Included",CONCATENATE("vCenter:",VLOOKUP(sizing_w11_vcenter_appliance_size,vcenter_sizing_limits,2,FALSE)," | NSX LM ",VLOOKUP(sizing_w01_nsxt_appliance_size,nsx_sizing_limits,2,FALSE)),"")
B47: w12 | C47: Excluded | D47: Medium | E47: =CONCATENATE(IF(sizing_w12_chosen="Included",VLOOKUP(sizing_w12_vcenter_appliance_size,table_vcenter_appliance_cpu,2,FALSE),0)," CPUs ",": ",IF(sizing_w12_chosen="Included",VLOOKUP(sizing_w12_vcenter_appliance_size,table_vcenter_appliance_ram,2,FALSE),0)," GB") -> 0 CPUs : 0 GB | F47: Default | G47: =CONCATENATE(IF(sizing_w12_chosen="Included",VLOOKUP(CONCATENATE(sizing_w12_vcenter_appliance_size,sizing_w12_vcenter_storage_size),table_vcenter_disk_gb,2,FALSE),0)," GB") -> 0 GB | H47: Dedicated - HA Cluster | I47: Large | J47: =CONCATENATE(IF(AND(sizing_w12_chosen="Included",sizing_w12_nsxt_model<>"Shared"),VLOOKUP(sizing_w12_nsxt_appliance_size,table_nsxt_manager_cpu,2,FALSE),0)," CPUs : ",IF(AND(sizing_w12_chosen="Included",sizing_w12_nsxt_model<>"Shared"),VLOOKUP(sizing_w12_nsxt_appliance_size,table_nsxt_manager_ram,2,FALSE),0), " GB : ",IF(AND(sizing_w12_chosen="Included",sizing_w12_nsxt_model<>"Shared"),VLOOKUP(sizing_w12_nsxt_appliance_size,table_nsxt_manager_disk_gb,2,FALSE),0)," GB") -> 0 CPUs : 0 GB : 0 GB | L47: Excluded | M47: Large | N47: =CONCATENATE(IF(AND(sizing_w12_gm_chosen<>"Excluded",sizing_w12_gm_chosen<>"Connect Instance"),VLOOKUP(sizing_w12_nsxt_gm_appliance_size,table_nsxt_manager_cpu,2,FALSE),0)," CPUs : ",IF(AND(sizing_w12_gm_chosen<>"Excluded",sizing_w12_gm_chosen<>"Connect Instance"),VLOOKUP(sizing_w12_nsxt_gm_appliance_size,table_nsxt_manager_ram,2,FALSE),0)," GB : ",IF(AND(sizing_w12_gm_chosen<>"Excluded",sizing_w12_gm_chosen<>"Connect Instance"),VLOOKUP(sizing_w12_nsxt_gm_appliance_size,table_nsxt_manager_disk_gb,2,FALSE),0)," GB") -> 0 CPUs : 0 GB : 0 GB | P47: Exclude | Q47: =(CONCATENATE(IF(AND(sizing_w12_chosen="Included",sizing_w12_spr_chosen="Include"),VLOOKUP(input_wld_srm_vm_size,table_srm_cpu,2,FALSE),0)," CPUs :",IF(AND(sizing_w12_chosen="Included",sizing_w12_spr_chosen="Include"),VLOOKUP(input_wld_srm_vm_size,table_srm_ram,2,FALSE),0)," GB : ",IF(AND(sizing_w12_chosen="Included",sizing_w12_spr_chosen="Include"),VLOOKUP(input_wld_srm_vm_size,table_srm_disk,2,FALSE),0)," GB")) -> 0 CPUs :0 GB : 0 GB | S47: Excluded | T47: =CONCATENATE(IF(AND(sizing_w12_chosen="Included",sizing_w12_avi_appliance_size<>"Excluded"),VLOOKUP(sizing_w12_avi_appliance_size,table_avi_lb_cpu,2,FALSE),0), " CPUs : ",IF(AND(sizing_w12_chosen="Included",sizing_w12_avi_appliance_size<>"Excluded"),VLOOKUP(sizing_w12_avi_appliance_size,table_avi_lb_ram,2,FALSE),0), " GB : ",IF(AND(sizing_w12_chosen="Included",sizing_w12_avi_appliance_size<>"Excluded"),VLOOKUP(sizing_w12_avi_appliance_size,table_avi_lb_disk,2,FALSE),0)," GB") -> 0 CPUs : 0 GB : 0 GB | V47: Excluded | W47: =CONCATENATE(IF(sizing_w12_ssp_chosen<>"Excluded",VLOOKUP(sizing_w12_ssp_chosen,table_ssp_cpu,2,FALSE),0)," CPUs : ",IF(sizing_w12_ssp_chosen<>"Excluded",VLOOKUP(sizing_w12_ssp_chosen,table_ssp_ram,2,FALSE),0), " GB : ",IF(sizing_w12_ssp_chosen<>"Excluded",VLOOKUP(sizing_w12_ssp_chosen,table_ssp_disk,2,FALSE),0)," GB") -> 0 CPUs : 0 GB : 0 GB | X47: =IF(sizing_w12_chosen="Included",CONCATENATE("vCenter:",VLOOKUP(sizing_w12_vcenter_appliance_size,vcenter_sizing_limits,2,FALSE)," | NSX LM ",VLOOKUP(sizing_w12_nsxt_appliance_size,nsx_sizing_limits,2,FALSE)),"")
B48: w13 | C48: Excluded | D48: Medium | E48: =CONCATENATE(IF(sizing_w13_chosen="Included",VLOOKUP(sizing_w13_vcenter_appliance_size,table_vcenter_appliance_cpu,2,FALSE),0)," CPUs ",": ",IF(sizing_w13_chosen="Included",VLOOKUP(sizing_w13_vcenter_appliance_size,table_vcenter_appliance_ram,2,FALSE),0)," GB") -> 0 CPUs : 0 GB | F48: Default | G48: =CONCATENATE(IF(sizing_w13_chosen="Included",VLOOKUP(CONCATENATE(sizing_w13_vcenter_appliance_size,sizing_w13_vcenter_storage_size),table_vcenter_disk_gb,2,FALSE),0)," GB") -> 0 GB | H48: Dedicated - HA Cluster | I48: Large | J48: =CONCATENATE(IF(AND(sizing_w13_chosen="Included",sizing_w13_nsxt_model<>"Shared"),VLOOKUP(sizing_w13_nsxt_appliance_size,table_nsxt_manager_cpu,2,FALSE),0)," CPUs : ",IF(AND(sizing_w13_chosen="Included",sizing_w13_nsxt_model<>"Shared"),VLOOKUP(sizing_w13_nsxt_appliance_size,table_nsxt_manager_ram,2,FALSE),0), " GB : ",IF(AND(sizing_w13_chosen="Included",sizing_w13_nsxt_model<>"Shared"),VLOOKUP(sizing_w13_nsxt_appliance_size,table_nsxt_manager_disk_gb,2,FALSE),0)," GB") -> 0 CPUs : 0 GB : 0 GB | L48: Excluded | M48: Large | N48: =CONCATENATE(IF(AND(sizing_w13_gm_chosen<>"Excluded",sizing_w13_gm_chosen<>"Connect Instance"),VLOOKUP(sizing_w13_nsxt_gm_appliance_size,table_nsxt_manager_cpu,2,FALSE),0)," CPUs : ",IF(AND(sizing_w13_gm_chosen<>"Excluded",sizing_w13_gm_chosen<>"Connect Instance"),VLOOKUP(sizing_w13_nsxt_gm_appliance_size,table_nsxt_manager_ram,2,FALSE),0)," GB : ",IF(AND(sizing_w13_gm_chosen<>"Excluded",sizing_w13_gm_chosen<>"Connect Instance"),VLOOKUP(sizing_w13_nsxt_gm_appliance_size,table_nsxt_manager_disk_gb,2,FALSE),0)," GB") -> 0 CPUs : 0 GB : 0 GB | P48: Exclude | Q48: =(CONCATENATE(IF(AND(sizing_w13_chosen="Included",sizing_w13_spr_chosen="Include"),VLOOKUP(input_wld_srm_vm_size,table_srm_cpu,2,FALSE),0)," CPUs :",IF(AND(sizing_w13_chosen="Included",sizing_w13_spr_chosen="Include"),VLOOKUP(input_wld_srm_vm_size,table_srm_ram,2,FALSE),0)," GB : ",IF(AND(sizing_w13_chosen="Included",sizing_w13_spr_chosen="Include"),VLOOKUP(input_wld_srm_vm_size,table_srm_disk,2,FALSE),0)," GB")) -> 0 CPUs :0 GB : 0 GB | S48: Excluded | T48: =CONCATENATE(IF(AND(sizing_w13_chosen="Included",sizing_w13_avi_appliance_size<>"Excluded"),VLOOKUP(sizing_w13_avi_appliance_size,table_avi_lb_cpu,2,FALSE),0), " CPUs : ",IF(AND(sizing_w13_chosen="Included",sizing_w13_avi_appliance_size<>"Excluded"),VLOOKUP(sizing_w13_avi_appliance_size,table_avi_lb_ram,2,FALSE),0), " GB : ",IF(AND(sizing_w13_chosen="Included",sizing_w13_avi_appliance_size<>"Excluded"),VLOOKUP(sizing_w13_avi_appliance_size,table_avi_lb_disk,2,FALSE),0)," GB") -> 0 CPUs : 0 GB : 0 GB | V48: Excluded | W48: =CONCATENATE(IF(sizing_w13_ssp_chosen<>"Excluded",VLOOKUP(sizing_w13_ssp_chosen,table_ssp_cpu,2,FALSE),0)," CPUs : ",IF(sizing_w13_ssp_chosen<>"Excluded",VLOOKUP(sizing_w13_ssp_chosen,table_ssp_ram,2,FALSE),0), " GB : ",IF(sizing_w13_ssp_chosen<>"Excluded",VLOOKUP(sizing_w13_ssp_chosen,table_ssp_disk,2,FALSE),0)," GB") -> 0 CPUs : 0 GB : 0 GB | X48: =IF(sizing_w13_chosen="Included",CONCATENATE("vCenter:",VLOOKUP(sizing_w13_vcenter_appliance_size,vcenter_sizing_limits,2,FALSE)," | NSX LM ",VLOOKUP(sizing_w13_nsxt_appliance_size,nsx_sizing_limits,2,FALSE)),"")
B49: w14 | C49: Excluded | D49: Medium | E49: =CONCATENATE(IF(sizing_w14_chosen="Included",VLOOKUP(sizing_w14_vcenter_appliance_size,table_vcenter_appliance_cpu,2,FALSE),0)," CPUs ",": ",IF(sizing_w14_chosen="Included",VLOOKUP(sizing_w14_vcenter_appliance_size,table_vcenter_appliance_ram,2,FALSE),0)," GB") -> 0 CPUs : 0 GB | F49: Default | G49: =CONCATENATE(IF(sizing_w14_chosen="Included",VLOOKUP(CONCATENATE(sizing_w14_vcenter_appliance_size,sizing_w14_vcenter_storage_size),table_vcenter_disk_gb,2,FALSE),0)," GB") -> 0 GB | H49: Dedicated - HA Cluster | I49: Large | J49: =CONCATENATE(IF(AND(sizing_w14_chosen="Included",sizing_w14_nsxt_model<>"Shared"),VLOOKUP(sizing_w14_nsxt_appliance_size,table_nsxt_manager_cpu,2,FALSE),0)," CPUs : ",IF(AND(sizing_w14_chosen="Included",sizing_w14_nsxt_model<>"Shared"),VLOOKUP(sizing_w14_nsxt_appliance_size,table_nsxt_manager_ram,2,FALSE),0), " GB : ",IF(AND(sizing_w14_chosen="Included",sizing_w14_nsxt_model<>"Shared"),VLOOKUP(sizing_w14_nsxt_appliance_size,table_nsxt_manager_disk_gb,2,FALSE),0)," GB") -> 0 CPUs : 0 GB : 0 GB | L49: Excluded | M49: Large | N49: =CONCATENATE(IF(AND(sizing_w14_gm_chosen<>"Excluded",sizing_w14_gm_chosen<>"Connect Instance"),VLOOKUP(sizing_w14_nsxt_gm_appliance_size,table_nsxt_manager_cpu,2,FALSE),0)," CPUs : ",IF(AND(sizing_w14_gm_chosen<>"Excluded",sizing_w14_gm_chosen<>"Connect Instance"),VLOOKUP(sizing_w14_nsxt_gm_appliance_size,table_nsxt_manager_ram,2,FALSE),0)," GB : ",IF(AND(sizing_w14_gm_chosen<>"Excluded",sizing_w14_gm_chosen<>"Connect Instance"),VLOOKUP(sizing_w14_nsxt_gm_appliance_size,table_nsxt_manager_disk_gb,2,FALSE),0)," GB") -> 0 CPUs : 0 GB : 0 GB | P49: Exclude | Q49: =(CONCATENATE(IF(AND(sizing_w14_chosen="Included",sizing_w14_spr_chosen="Include"),VLOOKUP(input_wld_srm_vm_size,table_srm_cpu,2,FALSE),0)," CPUs :",IF(AND(sizing_w14_chosen="Included",sizing_w14_spr_chosen="Include"),VLOOKUP(input_wld_srm_vm_size,table_srm_ram,2,FALSE),0)," GB : ",IF(AND(sizing_w14_chosen="Included",sizing_w14_spr_chosen="Include"),VLOOKUP(input_wld_srm_vm_size,table_srm_disk,2,FALSE),0)," GB")) -> 0 CPUs :0 GB : 0 GB | S49: Excluded | T49: =CONCATENATE(IF(AND(sizing_w14_chosen="Included",sizing_w14_avi_appliance_size<>"Excluded"),VLOOKUP(sizing_w14_avi_appliance_size,table_avi_lb_cpu,2,FALSE),0), " CPUs : ",IF(AND(sizing_w14_chosen="Included",sizing_w14_avi_appliance_size<>"Excluded"),VLOOKUP(sizing_w14_avi_appliance_size,table_avi_lb_ram,2,FALSE),0), " GB : ",IF(AND(sizing_w14_chosen="Included",sizing_w14_avi_appliance_size<>"Excluded"),VLOOKUP(sizing_w14_avi_appliance_size,table_avi_lb_disk,2,FALSE),0)," GB") -> 0 CPUs : 0 GB : 0 GB | V49: Excluded | W49: =CONCATENATE(IF(sizing_w14_ssp_chosen<>"Excluded",VLOOKUP(sizing_w14_ssp_chosen,table_ssp_cpu,2,FALSE),0)," CPUs : ",IF(sizing_w14_ssp_chosen<>"Excluded",VLOOKUP(sizing_w14_ssp_chosen,table_ssp_ram,2,FALSE),0), " GB : ",IF(sizing_w14_ssp_chosen<>"Excluded",VLOOKUP(sizing_w14_ssp_chosen,table_ssp_disk,2,FALSE),0)," GB") -> 0 CPUs : 0 GB : 0 GB | X49: =IF(sizing_w14_chosen="Included",CONCATENATE("vCenter:",VLOOKUP(sizing_w14_vcenter_appliance_size,vcenter_sizing_limits,2,FALSE)," | NSX LM ",VLOOKUP(sizing_w14_nsxt_appliance_size,nsx_sizing_limits,2,FALSE)),"")
B50: w15 | C50: Excluded | D50: Medium | E50: =CONCATENATE(IF(sizing_w15_chosen="Included",VLOOKUP(sizing_w15_vcenter_appliance_size,table_vcenter_appliance_cpu,2,FALSE),0)," CPUs ",": ",IF(sizing_w15_chosen="Included",VLOOKUP(sizing_w15_vcenter_appliance_size,table_vcenter_appliance_ram,2,FALSE),0)," GB") -> 0 CPUs : 0 GB | F50: Default | G50: =CONCATENATE(IF(sizing_w15_chosen="Included",VLOOKUP(CONCATENATE(sizing_w15_vcenter_appliance_size,sizing_w15_vcenter_storage_size),table_vcenter_disk_gb,2,FALSE),0)," GB") -> 0 GB | H50: Dedicated - HA Cluster | I50: Large | J50: =CONCATENATE(IF(AND(sizing_w15_chosen="Included",sizing_w15_nsxt_model<>"Shared"),VLOOKUP(sizing_w15_nsxt_appliance_size,table_nsxt_manager_cpu,2,FALSE),0)," CPUs : ",IF(AND(sizing_w15_chosen="Included",sizing_w15_nsxt_model<>"Shared"),VLOOKUP(sizing_w15_nsxt_appliance_size,table_nsxt_manager_ram,2,FALSE),0), " GB : ",IF(AND(sizing_w15_chosen="Included",sizing_w15_nsxt_model<>"Shared"),VLOOKUP(sizing_w15_nsxt_appliance_size,table_nsxt_manager_disk_gb,2,FALSE),0)," GB") -> 0 CPUs : 0 GB : 0 GB | L50: Excluded | M50: Large | N50: =CONCATENATE(IF(AND(sizing_w15_gm_chosen<>"Excluded",sizing_w15_gm_chosen<>"Connect Instance"),VLOOKUP(sizing_w15_nsxt_gm_appliance_size,table_nsxt_manager_cpu,2,FALSE),0)," CPUs : ",IF(AND(sizing_w15_gm_chosen<>"Excluded",sizing_w15_gm_chosen<>"Connect Instance"),VLOOKUP(sizing_w15_nsxt_gm_appliance_size,table_nsxt_manager_ram,2,FALSE),0)," GB : ",IF(AND(sizing_w15_gm_chosen<>"Excluded",sizing_w15_gm_chosen<>"Connect Instance"),VLOOKUP(sizing_w15_nsxt_gm_appliance_size,table_nsxt_manager_disk_gb,2,FALSE),0)," GB") -> 0 CPUs : 0 GB : 0 GB | P50: Exclude | Q50: =(CONCATENATE(IF(AND(sizing_w15_chosen="Included",sizing_w15_spr_chosen="Include"),VLOOKUP(input_wld_srm_vm_size,table_srm_cpu,2,FALSE),0)," CPUs :",IF(AND(sizing_w15_chosen="Included",sizing_w15_spr_chosen="Include"),VLOOKUP(input_wld_srm_vm_size,table_srm_ram,2,FALSE),0)," GB : ",IF(AND(sizing_w15_chosen="Included",sizing_w15_spr_chosen="Include"),VLOOKUP(input_wld_srm_vm_size,table_srm_disk,2,FALSE),0)," GB")) -> 0 CPUs :0 GB : 0 GB | S50: Excluded | T50: =CONCATENATE(IF(AND(sizing_w15_chosen="Included",sizing_w15_avi_appliance_size<>"Excluded"),VLOOKUP(sizing_w15_avi_appliance_size,table_avi_lb_cpu,2,FALSE),0), " CPUs : ",IF(AND(sizing_w15_chosen="Included",sizing_w15_avi_appliance_size<>"Excluded"),VLOOKUP(sizing_w15_avi_appliance_size,table_avi_lb_ram,2,FALSE),0), " GB : ",IF(AND(sizing_w15_chosen="Included",sizing_w15_avi_appliance_size<>"Excluded"),VLOOKUP(sizing_w15_avi_appliance_size,table_avi_lb_disk,2,FALSE),0)," GB") -> 0 CPUs : 0 GB : 0 GB | V50: Excluded | W50: =CONCATENATE(IF(sizing_w15_ssp_chosen<>"Excluded",VLOOKUP(sizing_w15_ssp_chosen,table_ssp_cpu,2,FALSE),0)," CPUs : ",IF(sizing_w15_ssp_chosen<>"Excluded",VLOOKUP(sizing_w15_ssp_chosen,table_ssp_ram,2,FALSE),0), " GB : ",IF(sizing_w15_ssp_chosen<>"Excluded",VLOOKUP(sizing_w15_ssp_chosen,table_ssp_disk,2,FALSE),0)," GB") -> 0 CPUs : 0 GB : 0 GB | X50: =IF(sizing_w15_chosen="Included",CONCATENATE("vCenter:",VLOOKUP(sizing_w15_vcenter_appliance_size,vcenter_sizing_limits,2,FALSE)," | NSX LM ",VLOOKUP(sizing_w15_nsxt_appliance_size,nsx_sizing_limits,2,FALSE)),"")
B51: w16 | C51: Excluded | D51: Medium | E51: =CONCATENATE(IF(sizing_w16_chosen="Included",VLOOKUP(sizing_w16_vcenter_appliance_size,table_vcenter_appliance_cpu,2,FALSE),0)," CPUs ",": ",IF(sizing_w16_chosen="Included",VLOOKUP(sizing_w16_vcenter_appliance_size,table_vcenter_appliance_ram,2,FALSE),0)," GB") -> 0 CPUs : 0 GB | F51: Default | G51: =CONCATENATE(IF(sizing_w16_chosen="Included",VLOOKUP(CONCATENATE(sizing_w16_vcenter_appliance_size,sizing_w16_vcenter_storage_size),table_vcenter_disk_gb,2,FALSE),0)," GB") -> 0 GB | H51: Dedicated - HA Cluster | I51: Large | J51: =CONCATENATE(IF(AND(sizing_w16_chosen="Included",sizing_w16_nsxt_model<>"Shared"),VLOOKUP(sizing_w16_nsxt_appliance_size,table_nsxt_manager_cpu,2,FALSE),0)," CPUs : ",IF(AND(sizing_w16_chosen="Included",sizing_w16_nsxt_model<>"Shared"),VLOOKUP(sizing_w16_nsxt_appliance_size,table_nsxt_manager_ram,2,FALSE),0), " GB : ",IF(AND(sizing_w16_chosen="Included",sizing_w16_nsxt_model<>"Shared"),VLOOKUP(sizing_w16_nsxt_appliance_size,table_nsxt_manager_disk_gb,2,FALSE),0)," GB") -> 0 CPUs : 0 GB : 0 GB | L51: Excluded | M51: Large | N51: =CONCATENATE(IF(AND(sizing_w16_gm_chosen<>"Excluded",sizing_w16_gm_chosen<>"Connect Instance"),VLOOKUP(sizing_w16_nsxt_gm_appliance_size,table_nsxt_manager_cpu,2,FALSE),0)," CPUs : ",IF(AND(sizing_w16_gm_chosen<>"Excluded",sizing_w16_gm_chosen<>"Connect Instance"),VLOOKUP(sizing_w16_nsxt_gm_appliance_size,table_nsxt_manager_ram,2,FALSE),0)," GB : ",IF(AND(sizing_w16_gm_chosen<>"Excluded",sizing_w16_gm_chosen<>"Connect Instance"),VLOOKUP(sizing_w16_nsxt_gm_appliance_size,table_nsxt_manager_disk_gb,2,FALSE),0)," GB") -> 0 CPUs : 0 GB : 0 GB | P51: Exclude | Q51: =(CONCATENATE(IF(AND(sizing_w16_chosen="Included",sizing_w16_spr_chosen="Include"),VLOOKUP(input_wld_srm_vm_size,table_srm_cpu,2,FALSE),0)," CPUs :",IF(AND(sizing_w16_chosen="Included",sizing_w16_spr_chosen="Include"),VLOOKUP(input_wld_srm_vm_size,table_srm_ram,2,FALSE),0)," GB : ",IF(AND(sizing_w16_chosen="Included",sizing_w16_spr_chosen="Include"),VLOOKUP(input_wld_srm_vm_size,table_srm_disk,2,FALSE),0)," GB")) -> 0 CPUs :0 GB : 0 GB | S51: Excluded | T51: =CONCATENATE(IF(AND(sizing_w16_chosen="Included",sizing_w16_avi_appliance_size<>"Excluded"),VLOOKUP(sizing_w16_avi_appliance_size,table_avi_lb_cpu,2,FALSE),0), " CPUs : ",IF(AND(sizing_w16_chosen="Included",sizing_w16_avi_appliance_size<>"Excluded"),VLOOKUP(sizing_w16_avi_appliance_size,table_avi_lb_ram,2,FALSE),0), " GB : ",IF(AND(sizing_w16_chosen="Included",sizing_w16_avi_appliance_size<>"Excluded"),VLOOKUP(sizing_w16_avi_appliance_size,table_avi_lb_disk,2,FALSE),0)," GB") -> 0 CPUs : 0 GB : 0 GB | V51: Excluded | W51: =CONCATENATE(IF(sizing_w16_ssp_chosen<>"Excluded",VLOOKUP(sizing_w16_ssp_chosen,table_ssp_cpu,2,FALSE),0)," CPUs : ",IF(sizing_w16_ssp_chosen<>"Excluded",VLOOKUP(sizing_w16_ssp_chosen,table_ssp_ram,2,FALSE),0), " GB : ",IF(sizing_w16_ssp_chosen<>"Excluded",VLOOKUP(sizing_w16_ssp_chosen,table_ssp_disk,2,FALSE),0)," GB") -> 0 CPUs : 0 GB : 0 GB | X51: =IF(sizing_w16_chosen="Included",CONCATENATE("vCenter:",VLOOKUP(sizing_w16_vcenter_appliance_size,vcenter_sizing_limits,2,FALSE)," | NSX LM ",VLOOKUP(sizing_w16_nsxt_appliance_size,nsx_sizing_limits,2,FALSE)),"")
B52: w17 | C52: Excluded | D52: Medium | E52: =CONCATENATE(IF(sizing_w17_chosen="Included",VLOOKUP(sizing_w17_vcenter_appliance_size,table_vcenter_appliance_cpu,2,FALSE),0)," CPUs ",": ",IF(sizing_w17_chosen="Included",VLOOKUP(sizing_w17_vcenter_appliance_size,table_vcenter_appliance_ram,2,FALSE),0)," GB") -> 0 CPUs : 0 GB | F52: Default | G52: =CONCATENATE(IF(sizing_w17_chosen="Included",VLOOKUP(CONCATENATE(sizing_w17_vcenter_appliance_size,sizing_w17_vcenter_storage_size),table_vcenter_disk_gb,2,FALSE),0)," GB") -> 0 GB | H52: Dedicated - HA Cluster | I52: Large | J52: =CONCATENATE(IF(AND(sizing_w17_chosen="Included",sizing_w17_nsxt_model<>"Shared"),VLOOKUP(sizing_w17_nsxt_appliance_size,table_nsxt_manager_cpu,2,FALSE),0)," CPUs : ",IF(AND(sizing_w17_chosen="Included",sizing_w17_nsxt_model<>"Shared"),VLOOKUP(sizing_w17_nsxt_appliance_size,table_nsxt_manager_ram,2,FALSE),0), " GB : ",IF(AND(sizing_w17_chosen="Included",sizing_w17_nsxt_model<>"Shared"),VLOOKUP(sizing_w17_nsxt_appliance_size,table_nsxt_manager_disk_gb,2,FALSE),0)," GB") -> 0 CPUs : 0 GB : 0 GB | L52: Excluded | M52: Large | N52: =CONCATENATE(IF(AND(sizing_w17_gm_chosen<>"Excluded",sizing_w17_gm_chosen<>"Connect Instance"),VLOOKUP(sizing_w17_nsxt_gm_appliance_size,table_nsxt_manager_cpu,2,FALSE),0)," CPUs : ",IF(AND(sizing_w17_gm_chosen<>"Excluded",sizing_w17_gm_chosen<>"Connect Instance"),VLOOKUP(sizing_w17_nsxt_gm_appliance_size,table_nsxt_manager_ram,2,FALSE),0)," GB : ",IF(AND(sizing_w17_gm_chosen<>"Excluded",sizing_w17_gm_chosen<>"Connect Instance"),VLOOKUP(sizing_w17_nsxt_gm_appliance_size,table_nsxt_manager_disk_gb,2,FALSE),0)," GB") -> 0 CPUs : 0 GB : 0 GB | P52: Exclude | Q52: =(CONCATENATE(IF(AND(sizing_w17_chosen="Included",sizing_w17_spr_chosen="Include"),VLOOKUP(input_wld_srm_vm_size,table_srm_cpu,2,FALSE),0)," CPUs :",IF(AND(sizing_w17_chosen="Included",sizing_w17_spr_chosen="Include"),VLOOKUP(input_wld_srm_vm_size,table_srm_ram,2,FALSE),0)," GB : ",IF(AND(sizing_w17_chosen="Included",sizing_w17_spr_chosen="Include"),VLOOKUP(input_wld_srm_vm_size,table_srm_disk,2,FALSE),0)," GB")) -> 0 CPUs :0 GB : 0 GB | S52: Excluded | T52: =CONCATENATE(IF(AND(sizing_w17_chosen="Included",sizing_w17_avi_appliance_size<>"Excluded"),VLOOKUP(sizing_w17_avi_appliance_size,table_avi_lb_cpu,2,FALSE),0), " CPUs : ",IF(AND(sizing_w17_chosen="Included",sizing_w17_avi_appliance_size<>"Excluded"),VLOOKUP(sizing_w17_avi_appliance_size,table_avi_lb_ram,2,FALSE),0), " GB : ",IF(AND(sizing_w17_chosen="Included",sizing_w17_avi_appliance_size<>"Excluded"),VLOOKUP(sizing_w17_avi_appliance_size,table_avi_lb_disk,2,FALSE),0)," GB") -> 0 CPUs : 0 GB : 0 GB | V52: Excluded | W52: =CONCATENATE(IF(sizing_w17_ssp_chosen<>"Excluded",VLOOKUP(sizing_w17_ssp_chosen,table_ssp_cpu,2,FALSE),0)," CPUs : ",IF(sizing_w17_ssp_chosen<>"Excluded",VLOOKUP(sizing_w17_ssp_chosen,table_ssp_ram,2,FALSE),0), " GB : ",IF(sizing_w17_ssp_chosen<>"Excluded",VLOOKUP(sizing_w17_ssp_chosen,table_ssp_disk,2,FALSE),0)," GB") -> 0 CPUs : 0 GB : 0 GB | X52: =IF(sizing_w17_chosen="Included",CONCATENATE("vCenter:",VLOOKUP(sizing_w17_vcenter_appliance_size,vcenter_sizing_limits,2,FALSE)," | NSX LM ",VLOOKUP(sizing_w17_nsxt_appliance_size,nsx_sizing_limits,2,FALSE)),"")
B53: w18 | C53: Excluded | D53: Medium | E53: =CONCATENATE(IF(sizing_w18_chosen="Included",VLOOKUP(sizing_w18_vcenter_appliance_size,table_vcenter_appliance_cpu,2,FALSE),0)," CPUs ",": ",IF(sizing_w18_chosen="Included",VLOOKUP(sizing_w18_vcenter_appliance_size,table_vcenter_appliance_ram,2,FALSE),0)," GB") -> 0 CPUs : 0 GB | F53: Default | G53: =CONCATENATE(IF(sizing_w18_chosen="Included",VLOOKUP(CONCATENATE(sizing_w18_vcenter_appliance_size,sizing_w18_vcenter_storage_size),table_vcenter_disk_gb,2,FALSE),0)," GB") -> 0 GB | H53: Dedicated - HA Cluster | I53: Large | J53: =CONCATENATE(IF(AND(sizing_w18_chosen="Included",sizing_w18_nsxt_model<>"Shared"),VLOOKUP(sizing_w18_nsxt_appliance_size,table_nsxt_manager_cpu,2,FALSE),0)," CPUs : ",IF(AND(sizing_w18_chosen="Included",sizing_w18_nsxt_model<>"Shared"),VLOOKUP(sizing_w18_nsxt_appliance_size,table_nsxt_manager_ram,2,FALSE),0), " GB : ",IF(AND(sizing_w18_chosen="Included",sizing_w18_nsxt_model<>"Shared"),VLOOKUP(sizing_w18_nsxt_appliance_size,table_nsxt_manager_disk_gb,2,FALSE),0)," GB") -> 0 CPUs : 0 GB : 0 GB | L53: Excluded | M53: Large | N53: =CONCATENATE(IF(AND(sizing_w18_gm_chosen<>"Excluded",sizing_w18_gm_chosen<>"Connect Instance"),VLOOKUP(sizing_w18_nsxt_gm_appliance_size,table_nsxt_manager_cpu,2,FALSE),0)," CPUs : ",IF(AND(sizing_w18_gm_chosen<>"Excluded",sizing_w18_gm_chosen<>"Connect Instance"),VLOOKUP(sizing_w18_nsxt_gm_appliance_size,table_nsxt_manager_ram,2,FALSE),0)," GB : ",IF(AND(sizing_w18_gm_chosen<>"Excluded",sizing_w18_gm_chosen<>"Connect Instance"),VLOOKUP(sizing_w18_nsxt_gm_appliance_size,table_nsxt_manager_disk_gb,2,FALSE),0)," GB") -> 0 CPUs : 0 GB : 0 GB | P53: Exclude | Q53: =(CONCATENATE(IF(AND(sizing_w18_chosen="Included",sizing_w18_spr_chosen="Include"),VLOOKUP(input_wld_srm_vm_size,table_srm_cpu,2,FALSE),0)," CPUs :",IF(AND(sizing_w18_chosen="Included",sizing_w18_spr_chosen="Include"),VLOOKUP(input_wld_srm_vm_size,table_srm_ram,2,FALSE),0)," GB : ",IF(AND(sizing_w18_chosen="Included",sizing_w18_spr_chosen="Include"),VLOOKUP(input_wld_srm_vm_size,table_srm_disk,2,FALSE),0)," GB")) -> 0 CPUs :0 GB : 0 GB | S53: Excluded | T53: =CONCATENATE(IF(AND(sizing_w18_chosen="Included",sizing_w18_avi_appliance_size<>"Excluded"),VLOOKUP(sizing_w18_avi_appliance_size,table_avi_lb_cpu,2,FALSE),0), " CPUs : ",IF(AND(sizing_w18_chosen="Included",sizing_w18_avi_appliance_size<>"Excluded"),VLOOKUP(sizing_w18_avi_appliance_size,table_avi_lb_ram,2,FALSE),0), " GB : ",IF(AND(sizing_w18_chosen="Included",sizing_w18_avi_appliance_size<>"Excluded"),VLOOKUP(sizing_w18_avi_appliance_size,table_avi_lb_disk,2,FALSE),0)," GB") -> 0 CPUs : 0 GB : 0 GB | V53: Excluded | W53: =CONCATENATE(IF(sizing_w18_ssp_chosen<>"Excluded",VLOOKUP(sizing_w18_ssp_chosen,table_ssp_cpu,2,FALSE),0)," CPUs : ",IF(sizing_w18_ssp_chosen<>"Excluded",VLOOKUP(sizing_w18_ssp_chosen,table_ssp_ram,2,FALSE),0), " GB : ",IF(sizing_w18_ssp_chosen<>"Excluded",VLOOKUP(sizing_w18_ssp_chosen,table_ssp_disk,2,FALSE),0)," GB") -> 0 CPUs : 0 GB : 0 GB | X53: =IF(sizing_w18_chosen="Included",CONCATENATE("vCenter:",VLOOKUP(sizing_w18_vcenter_appliance_size,vcenter_sizing_limits,2,FALSE)," | NSX LM ",VLOOKUP(sizing_w18_nsxt_appliance_size,nsx_sizing_limits,2,FALSE)),"")
B54: w19 | C54: Excluded | D54: Medium | E54: =CONCATENATE(IF(sizing_w19_chosen="Included",VLOOKUP(sizing_w19_vcenter_appliance_size,table_vcenter_appliance_cpu,2,FALSE),0)," CPUs ",": ",IF(sizing_w19_chosen="Included",VLOOKUP(sizing_w19_vcenter_appliance_size,table_vcenter_appliance_ram,2,FALSE),0)," GB") -> 0 CPUs : 0 GB | F54: Default | G54: =CONCATENATE(IF(sizing_w19_chosen="Included",VLOOKUP(CONCATENATE(sizing_w19_vcenter_appliance_size,sizing_w19_vcenter_storage_size),table_vcenter_disk_gb,2,FALSE),0)," GB") -> 0 GB | H54: Dedicated - HA Cluster | I54: Large | J54: =CONCATENATE(IF(AND(sizing_w19_chosen="Included",sizing_w19_nsxt_model<>"Shared"),VLOOKUP(sizing_w19_nsxt_appliance_size,table_nsxt_manager_cpu,2,FALSE),0)," CPUs : ",IF(AND(sizing_w19_chosen="Included",sizing_w19_nsxt_model<>"Shared"),VLOOKUP(sizing_w19_nsxt_appliance_size,table_nsxt_manager_ram,2,FALSE),0), " GB : ",IF(AND(sizing_w19_chosen="Included",sizing_w19_nsxt_model<>"Shared"),VLOOKUP(sizing_w19_nsxt_appliance_size,table_nsxt_manager_disk_gb,2,FALSE),0)," GB") -> 0 CPUs : 0 GB : 0 GB | L54: Excluded | M54: Large | N54: =CONCATENATE(IF(AND(sizing_w19_gm_chosen<>"Excluded",sizing_w19_gm_chosen<>"Connect Instance"),VLOOKUP(sizing_w19_nsxt_gm_appliance_size,table_nsxt_manager_cpu,2,FALSE),0)," CPUs : ",IF(AND(sizing_w19_gm_chosen<>"Excluded",sizing_w19_gm_chosen<>"Connect Instance"),VLOOKUP(sizing_w19_nsxt_gm_appliance_size,table_nsxt_manager_ram,2,FALSE),0)," GB : ",IF(AND(sizing_w19_gm_chosen<>"Excluded",sizing_w19_gm_chosen<>"Connect Instance"),VLOOKUP(sizing_w19_nsxt_gm_appliance_size,table_nsxt_manager_disk_gb,2,FALSE),0)," GB") -> 0 CPUs : 0 GB : 0 GB | P54: Exclude | Q54: =(CONCATENATE(IF(AND(sizing_w19_chosen="Included",sizing_w19_spr_chosen="Include"),VLOOKUP(input_wld_srm_vm_size,table_srm_cpu,2,FALSE),0)," CPUs :",IF(AND(sizing_w19_chosen="Included",sizing_w19_spr_chosen="Include"),VLOOKUP(input_wld_srm_vm_size,table_srm_ram,2,FALSE),0)," GB : ",IF(AND(sizing_w19_chosen="Included",sizing_w19_spr_chosen="Include"),VLOOKUP(input_wld_srm_vm_size,table_srm_disk,2,FALSE),0)," GB")) -> 0 CPUs :0 GB : 0 GB | S54: Excluded | T54: =CONCATENATE(IF(AND(sizing_w19_chosen="Included",sizing_w19_avi_appliance_size<>"Excluded"),VLOOKUP(sizing_w19_avi_appliance_size,table_avi_lb_cpu,2,FALSE),0), " CPUs : ",IF(AND(sizing_w19_chosen="Included",sizing_w19_avi_appliance_size<>"Excluded"),VLOOKUP(sizing_w19_avi_appliance_size,table_avi_lb_ram,2,FALSE),0), " GB : ",IF(AND(sizing_w19_chosen="Included",sizing_w19_avi_appliance_size<>"Excluded"),VLOOKUP(sizing_w19_avi_appliance_size,table_avi_lb_disk,2,FALSE),0)," GB") -> 0 CPUs : 0 GB : 0 GB | V54: Excluded | W54: =CONCATENATE(IF(sizing_w19_ssp_chosen<>"Excluded",VLOOKUP(sizing_w19_ssp_chosen,table_ssp_cpu,2,FALSE),0)," CPUs : ",IF(sizing_w19_ssp_chosen<>"Excluded",VLOOKUP(sizing_w19_ssp_chosen,table_ssp_ram,2,FALSE),0), " GB : ",IF(sizing_w19_ssp_chosen<>"Excluded",VLOOKUP(sizing_w19_ssp_chosen,table_ssp_disk,2,FALSE),0)," GB") -> 0 CPUs : 0 GB : 0 GB | X54: =IF(sizing_w19_chosen="Included",CONCATENATE("vCenter:",VLOOKUP(sizing_w19_vcenter_appliance_size,vcenter_sizing_limits,2,FALSE)," | NSX LM ",VLOOKUP(sizing_w19_nsxt_appliance_size,nsx_sizing_limits,2,FALSE)),"")
B55: w20 | C55: Excluded | D55: Medium | E55: =CONCATENATE(IF(sizing_w20_chosen="Included",VLOOKUP(sizing_w20_vcenter_appliance_size,table_vcenter_appliance_cpu,2,FALSE),0)," CPUs ",": ",IF(sizing_w20_chosen="Included",VLOOKUP(sizing_w20_vcenter_appliance_size,table_vcenter_appliance_ram,2,FALSE),0)," GB") -> 0 CPUs : 0 GB | F55: Default | G55: =CONCATENATE(IF(sizing_w20_chosen="Included",VLOOKUP(CONCATENATE(sizing_w20_vcenter_appliance_size,sizing_w20_vcenter_storage_size),table_vcenter_disk_gb,2,FALSE),0)," GB") -> 0 GB | H55: Dedicated - HA Cluster | I55: Large | J55: =CONCATENATE(IF(AND(sizing_w20_chosen="Included",sizing_w20_nsxt_model<>"Shared"),VLOOKUP(sizing_w20_nsxt_appliance_size,table_nsxt_manager_cpu,2,FALSE),0)," CPUs : ",IF(AND(sizing_w20_chosen="Included",sizing_w20_nsxt_model<>"Shared"),VLOOKUP(sizing_w20_nsxt_appliance_size,table_nsxt_manager_ram,2,FALSE),0), " GB : ",IF(AND(sizing_w20_chosen="Included",sizing_w20_nsxt_model<>"Shared"),VLOOKUP(sizing_w20_nsxt_appliance_size,table_nsxt_manager_disk_gb,2,FALSE),0)," GB") -> 0 CPUs : 0 GB : 0 GB | L55: Excluded | M55: Large | N55: =CONCATENATE(IF(AND(sizing_w20_gm_chosen<>"Excluded",sizing_w20_gm_chosen<>"Connect Instance"),VLOOKUP(sizing_w20_nsxt_gm_appliance_size,table_nsxt_manager_cpu,2,FALSE),0)," CPUs : ",IF(AND(sizing_w20_gm_chosen<>"Excluded",sizing_w20_gm_chosen<>"Connect Instance"),VLOOKUP(sizing_w20_nsxt_gm_appliance_size,table_nsxt_manager_ram,2,FALSE),0)," GB : ",IF(AND(sizing_w20_gm_chosen<>"Excluded",sizing_w20_gm_chosen<>"Connect Instance"),VLOOKUP(sizing_w20_nsxt_gm_appliance_size,table_nsxt_manager_disk_gb,2,FALSE),0)," GB") -> 0 CPUs : 0 GB : 0 GB | P55: Exclude | Q55: =(CONCATENATE(IF(AND(sizing_w20_chosen="Included",sizing_w20_spr_chosen="Include"),VLOOKUP(input_wld_srm_vm_size,table_srm_cpu,2,FALSE),0)," CPUs :",IF(AND(sizing_w20_chosen="Included",sizing_w20_spr_chosen="Include"),VLOOKUP(input_wld_srm_vm_size,table_srm_ram,2,FALSE),0)," GB : ",IF(AND(sizing_w20_chosen="Included",sizing_w20_spr_chosen="Include"),VLOOKUP(input_wld_srm_vm_size,table_srm_disk,2,FALSE),0)," GB")) -> 0 CPUs :0 GB : 0 GB | S55: Excluded | T55: =CONCATENATE(IF(AND(sizing_w20_chosen="Included",sizing_w20_avi_appliance_size<>"Excluded"),VLOOKUP(sizing_w20_avi_appliance_size,table_avi_lb_cpu,2,FALSE),0), " CPUs : ",IF(AND(sizing_w20_chosen="Included",sizing_w20_avi_appliance_size<>"Excluded"),VLOOKUP(sizing_w20_avi_appliance_size,table_avi_lb_ram,2,FALSE),0), " GB : ",IF(AND(sizing_w20_chosen="Included",sizing_w20_avi_appliance_size<>"Excluded"),VLOOKUP(sizing_w20_avi_appliance_size,table_avi_lb_disk,2,FALSE),0)," GB") -> 0 CPUs : 0 GB : 0 GB | V55: Excluded | W55: =CONCATENATE(IF(sizing_w20_ssp_chosen<>"Excluded",VLOOKUP(sizing_w20_ssp_chosen,table_ssp_cpu,2,FALSE),0)," CPUs : ",IF(sizing_w20_ssp_chosen<>"Excluded",VLOOKUP(sizing_w20_ssp_chosen,table_ssp_ram,2,FALSE),0), " GB : ",IF(sizing_w20_ssp_chosen<>"Excluded",VLOOKUP(sizing_w20_ssp_chosen,table_ssp_disk,2,FALSE),0)," GB") -> 0 CPUs : 0 GB : 0 GB | X55: =IF(sizing_w20_chosen="Included",CONCATENATE("vCenter:",VLOOKUP(sizing_w20_vcenter_appliance_size,vcenter_sizing_limits,2,FALSE)," | NSX LM ",VLOOKUP(sizing_w20_nsxt_appliance_size,nsx_sizing_limits,2,FALSE)),"")
B56: w21 | C56: Excluded | D56: Medium | E56: =CONCATENATE(IF(sizing_w21_chosen="Included",VLOOKUP(sizing_w21_vcenter_appliance_size,table_vcenter_appliance_cpu,2,FALSE),0)," CPUs ",": ",IF(sizing_w21_chosen="Included",VLOOKUP(sizing_w21_vcenter_appliance_size,table_vcenter_appliance_ram,2,FALSE),0)," GB") -> 0 CPUs : 0 GB | F56: Default | G56: =CONCATENATE(IF(sizing_w21_chosen="Included",VLOOKUP(CONCATENATE(sizing_w21_vcenter_appliance_size,sizing_w21_vcenter_storage_size),table_vcenter_disk_gb,2,FALSE),0)," GB") -> 0 GB | H56: Dedicated - HA Cluster | I56: Large | J56: =CONCATENATE(IF(AND(sizing_w21_chosen="Included",sizing_w21_nsxt_model<>"Shared"),VLOOKUP(sizing_w21_nsxt_appliance_size,table_nsxt_manager_cpu,2,FALSE),0)," CPUs : ",IF(AND(sizing_w21_chosen="Included",sizing_w21_nsxt_model<>"Shared"),VLOOKUP(sizing_w21_nsxt_appliance_size,table_nsxt_manager_ram,2,FALSE),0), " GB : ",IF(AND(sizing_w21_chosen="Included",sizing_w21_nsxt_model<>"Shared"),VLOOKUP(sizing_w21_nsxt_appliance_size,table_nsxt_manager_disk_gb,2,FALSE),0)," GB") -> 0 CPUs : 0 GB : 0 GB | L56: Excluded | M56: Large | N56: =CONCATENATE(IF(AND(sizing_w21_gm_chosen<>"Excluded",sizing_w21_gm_chosen<>"Connect Instance"),VLOOKUP(sizing_w21_nsxt_gm_appliance_size,table_nsxt_manager_cpu,2,FALSE),0)," CPUs : ",IF(AND(sizing_w21_gm_chosen<>"Excluded",sizing_w21_gm_chosen<>"Connect Instance"),VLOOKUP(sizing_w21_nsxt_gm_appliance_size,table_nsxt_manager_ram,2,FALSE),0)," GB : ",IF(AND(sizing_w21_gm_chosen<>"Excluded",sizing_w21_gm_chosen<>"Connect Instance"),VLOOKUP(sizing_w21_nsxt_gm_appliance_size,table_nsxt_manager_disk_gb,2,FALSE),0)," GB") -> 0 CPUs : 0 GB : 0 GB | P56: Exclude | Q56: =(CONCATENATE(IF(AND(sizing_w21_chosen="Included",sizing_w21_spr_chosen="Include"),VLOOKUP(input_wld_srm_vm_size,table_srm_cpu,2,FALSE),0)," CPUs :",IF(AND(sizing_w21_chosen="Included",sizing_w21_spr_chosen="Include"),VLOOKUP(input_wld_srm_vm_size,table_srm_ram,2,FALSE),0)," GB : ",IF(AND(sizing_w21_chosen="Included",sizing_w21_spr_chosen="Include"),VLOOKUP(input_wld_srm_vm_size,table_srm_disk,2,FALSE),0)," GB")) -> 0 CPUs :0 GB : 0 GB | S56: Excluded | T56: =CONCATENATE(IF(AND(sizing_w21_chosen="Included",sizing_w21_avi_appliance_size<>"Excluded"),VLOOKUP(sizing_w21_avi_appliance_size,table_avi_lb_cpu,2,FALSE),0), " CPUs : ",IF(AND(sizing_w21_chosen="Included",sizing_w21_avi_appliance_size<>"Excluded"),VLOOKUP(sizing_w21_avi_appliance_size,table_avi_lb_ram,2,FALSE),0), " GB : ",IF(AND(sizing_w21_chosen="Included",sizing_w21_avi_appliance_size<>"Excluded"),VLOOKUP(sizing_w21_avi_appliance_size,table_avi_lb_disk,2,FALSE),0)," GB") -> 0 CPUs : 0 GB : 0 GB | V56: Excluded | W56: =CONCATENATE(IF(sizing_w21_ssp_chosen<>"Excluded",VLOOKUP(sizing_w21_ssp_chosen,table_ssp_cpu,2,FALSE),0)," CPUs : ",IF(sizing_w21_ssp_chosen<>"Excluded",VLOOKUP(sizing_w21_ssp_chosen,table_ssp_ram,2,FALSE),0), " GB : ",IF(sizing_w21_ssp_chosen<>"Excluded",VLOOKUP(sizing_w21_ssp_chosen,table_ssp_disk,2,FALSE),0)," GB") -> 0 CPUs : 0 GB : 0 GB | X56: =IF(sizing_w21_chosen="Included",CONCATENATE("vCenter:",VLOOKUP(sizing_w21_vcenter_appliance_size,vcenter_sizing_limits,2,FALSE)," | NSX LM ",VLOOKUP(sizing_w21_nsxt_appliance_size,nsx_sizing_limits,2,FALSE)),"")
B57: w22 | C57: Excluded | D57: Medium | E57: =CONCATENATE(IF(sizing_w22_chosen="Included",VLOOKUP(sizing_w22_vcenter_appliance_size,table_vcenter_appliance_cpu,2,FALSE),0)," CPUs ",": ",IF(sizing_w22_chosen="Included",VLOOKUP(sizing_w22_vcenter_appliance_size,table_vcenter_appliance_ram,2,FALSE),0)," GB") -> 0 CPUs : 0 GB | F57: Default | G57: =CONCATENATE(IF(sizing_w22_chosen="Included",VLOOKUP(CONCATENATE(sizing_w22_vcenter_appliance_size,sizing_w22_vcenter_storage_size),table_vcenter_disk_gb,2,FALSE),0)," GB") -> 0 GB | H57: Dedicated - HA Cluster | I57: Large | J57: =CONCATENATE(IF(AND(sizing_w22_chosen="Included",sizing_w22_nsxt_model<>"Shared"),VLOOKUP(sizing_w22_nsxt_appliance_size,table_nsxt_manager_cpu,2,FALSE),0)," CPUs : ",IF(AND(sizing_w22_chosen="Included",sizing_w22_nsxt_model<>"Shared"),VLOOKUP(sizing_w22_nsxt_appliance_size,table_nsxt_manager_ram,2,FALSE),0), " GB : ",IF(AND(sizing_w22_chosen="Included",sizing_w22_nsxt_model<>"Shared"),VLOOKUP(sizing_w22_nsxt_appliance_size,table_nsxt_manager_disk_gb,2,FALSE),0)," GB") -> 0 CPUs : 0 GB : 0 GB | L57: Excluded | M57: Large | N57: =CONCATENATE(IF(AND(sizing_w22_gm_chosen<>"Excluded",sizing_w22_gm_chosen<>"Connect Instance"),VLOOKUP(sizing_w22_nsxt_gm_appliance_size,table_nsxt_manager_cpu,2,FALSE),0)," CPUs : ",IF(AND(sizing_w22_gm_chosen<>"Excluded",sizing_w22_gm_chosen<>"Connect Instance"),VLOOKUP(sizing_w22_nsxt_gm_appliance_size,table_nsxt_manager_ram,2,FALSE),0)," GB : ",IF(AND(sizing_w22_gm_chosen<>"Excluded",sizing_w22_gm_chosen<>"Connect Instance"),VLOOKUP(sizing_w22_nsxt_gm_appliance_size,table_nsxt_manager_disk_gb,2,FALSE),0)," GB") -> 0 CPUs : 0 GB : 0 GB | P57: Exclude | Q57: =(CONCATENATE(IF(AND(sizing_w22_chosen="Included",sizing_w22_spr_chosen="Include"),VLOOKUP(input_wld_srm_vm_size,table_srm_cpu,2,FALSE),0)," CPUs :",IF(AND(sizing_w22_chosen="Included",sizing_w22_spr_chosen="Include"),VLOOKUP(input_wld_srm_vm_size,table_srm_ram,2,FALSE),0)," GB : ",IF(AND(sizing_w22_chosen="Included",sizing_w22_spr_chosen="Include"),VLOOKUP(input_wld_srm_vm_size,table_srm_disk,2,FALSE),0)," GB")) -> 0 CPUs :0 GB : 0 GB | S57: Excluded | T57: =CONCATENATE(IF(AND(sizing_w22_chosen="Included",sizing_w22_avi_appliance_size<>"Excluded"),VLOOKUP(sizing_w22_avi_appliance_size,table_avi_lb_cpu,2,FALSE),0), " CPUs : ",IF(AND(sizing_w22_chosen="Included",sizing_w22_avi_appliance_size<>"Excluded"),VLOOKUP(sizing_w22_avi_appliance_size,table_avi_lb_ram,2,FALSE),0), " GB : ",IF(AND(sizing_w22_chosen="Included",sizing_w22_avi_appliance_size<>"Excluded"),VLOOKUP(sizing_w22_avi_appliance_size,table_avi_lb_disk,2,FALSE),0)," GB") -> 0 CPUs : 0 GB : 0 GB | V57: Excluded | W57: =CONCATENATE(IF(sizing_w22_ssp_chosen<>"Excluded",VLOOKUP(sizing_w22_ssp_chosen,table_ssp_cpu,2,FALSE),0)," CPUs : ",IF(sizing_w22_ssp_chosen<>"Excluded",VLOOKUP(sizing_w22_ssp_chosen,table_ssp_ram,2,FALSE),0), " GB : ",IF(sizing_w22_ssp_chosen<>"Excluded",VLOOKUP(sizing_w22_ssp_chosen,table_ssp_disk,2,FALSE),0)," GB") -> 0 CPUs : 0 GB : 0 GB | X57: =IF(sizing_w22_chosen="Included",CONCATENATE("vCenter:",VLOOKUP(sizing_w22_vcenter_appliance_size,vcenter_sizing_limits,2,FALSE)," | NSX LM ",VLOOKUP(sizing_w22_nsxt_appliance_size,nsx_sizing_limits,2,FALSE)),"")
B58: w23 | C58: Excluded | D58: Medium | E58: =CONCATENATE(IF(sizing_w23_chosen="Included",VLOOKUP(sizing_w23_vcenter_appliance_size,table_vcenter_appliance_cpu,2,FALSE),0)," CPUs ",": ",IF(sizing_w23_chosen="Included",VLOOKUP(sizing_w23_vcenter_appliance_size,table_vcenter_appliance_ram,2,FALSE),0)," GB") -> 0 CPUs : 0 GB | F58: Default | G58: =CONCATENATE(IF(sizing_w23_chosen="Included",VLOOKUP(CONCATENATE(sizing_w23_vcenter_appliance_size,sizing_w23_vcenter_storage_size),table_vcenter_disk_gb,2,FALSE),0)," GB") -> 0 GB | H58: Dedicated - HA Cluster | I58: Large | J58: =CONCATENATE(IF(AND(sizing_w23_chosen="Included",sizing_w23_nsxt_model<>"Shared"),VLOOKUP(sizing_w23_nsxt_appliance_size,table_nsxt_manager_cpu,2,FALSE),0)," CPUs : ",IF(AND(sizing_w23_chosen="Included",sizing_w23_nsxt_model<>"Shared"),VLOOKUP(sizing_w23_nsxt_appliance_size,table_nsxt_manager_ram,2,FALSE),0), " GB : ",IF(AND(sizing_w23_chosen="Included",sizing_w23_nsxt_model<>"Shared"),VLOOKUP(sizing_w23_nsxt_appliance_size,table_nsxt_manager_disk_gb,2,FALSE),0)," GB") -> 0 CPUs : 0 GB : 0 GB | L58: Excluded | M58: Large | N58: =CONCATENATE(IF(AND(sizing_w23_gm_chosen<>"Excluded",sizing_w23_gm_chosen<>"Connect Instance"),VLOOKUP(sizing_w23_nsxt_gm_appliance_size,table_nsxt_manager_cpu,2,FALSE),0)," CPUs : ",IF(AND(sizing_w23_gm_chosen<>"Excluded",sizing_w23_gm_chosen<>"Connect Instance"),VLOOKUP(sizing_w23_nsxt_gm_appliance_size,table_nsxt_manager_ram,2,FALSE),0)," GB : ",IF(AND(sizing_w23_gm_chosen<>"Excluded",sizing_w23_gm_chosen<>"Connect Instance"),VLOOKUP(sizing_w23_nsxt_gm_appliance_size,table_nsxt_manager_disk_gb,2,FALSE),0)," GB") -> 0 CPUs : 0 GB : 0 GB | P58: Exclude | Q58: =(CONCATENATE(IF(AND(sizing_w23_chosen="Included",sizing_w23_spr_chosen="Include"),VLOOKUP(input_wld_srm_vm_size,table_srm_cpu,2,FALSE),0)," CPUs :",IF(AND(sizing_w23_chosen="Included",sizing_w23_spr_chosen="Include"),VLOOKUP(input_wld_srm_vm_size,table_srm_ram,2,FALSE),0)," GB : ",IF(AND(sizing_w23_chosen="Included",sizing_w23_spr_chosen="Include"),VLOOKUP(input_wld_srm_vm_size,table_srm_disk,2,FALSE),0)," GB")) -> 0 CPUs :0 GB : 0 GB | S58: Excluded | T58: =CONCATENATE(IF(AND(sizing_w23_chosen="Included",sizing_w23_avi_appliance_size<>"Excluded"),VLOOKUP(sizing_w23_avi_appliance_size,table_avi_lb_cpu,2,FALSE),0), " CPUs : ",IF(AND(sizing_w23_chosen="Included",sizing_w23_avi_appliance_size<>"Excluded"),VLOOKUP(sizing_w23_avi_appliance_size,table_avi_lb_ram,2,FALSE),0), " GB : ",IF(AND(sizing_w23_chosen="Included",sizing_w23_avi_appliance_size<>"Excluded"),VLOOKUP(sizing_w23_avi_appliance_size,table_avi_lb_disk,2,FALSE),0)," GB") -> 0 CPUs : 0 GB : 0 GB | V58: Excluded | W58: =CONCATENATE(IF(sizing_w23_ssp_chosen<>"Excluded",VLOOKUP(sizing_w23_ssp_chosen,table_ssp_cpu,2,FALSE),0)," CPUs : ",IF(sizing_w23_ssp_chosen<>"Excluded",VLOOKUP(sizing_w23_ssp_chosen,table_ssp_ram,2,FALSE),0), " GB : ",IF(sizing_w23_ssp_chosen<>"Excluded",VLOOKUP(sizing_w23_ssp_chosen,table_ssp_disk,2,FALSE),0)," GB") -> 0 CPUs : 0 GB : 0 GB | X58: =IF(sizing_w23_chosen="Included",CONCATENATE("vCenter:",VLOOKUP(sizing_w23_vcenter_appliance_size,vcenter_sizing_limits,2,FALSE)," | NSX LM ",VLOOKUP(sizing_w23_nsxt_appliance_size,nsx_sizing_limits,2,FALSE)),"")
B59: w24 | C59: Excluded | D59: Medium | E59: =CONCATENATE(IF(sizing_w24_chosen="Included",VLOOKUP(sizing_w24_vcenter_appliance_size,table_vcenter_appliance_cpu,2,FALSE),0)," CPUs ",": ",IF(sizing_w24_chosen="Included",VLOOKUP(sizing_w24_vcenter_appliance_size,table_vcenter_appliance_ram,2,FALSE),0)," GB") -> 0 CPUs : 0 GB | F59: Default | G59: =CONCATENATE(IF(sizing_w24_chosen="Included",VLOOKUP(CONCATENATE(sizing_w24_vcenter_appliance_size,sizing_w24_vcenter_storage_size),table_vcenter_disk_gb,2,FALSE),0)," GB") -> 0 GB | H59: Dedicated - HA Cluster | I59: Large | J59: =CONCATENATE(IF(AND(sizing_w24_chosen="Included",sizing_w24_nsxt_model<>"Shared"),VLOOKUP(sizing_w24_nsxt_appliance_size,table_nsxt_manager_cpu,2,FALSE),0)," CPUs : ",IF(AND(sizing_w24_chosen="Included",sizing_w24_nsxt_model<>"Shared"),VLOOKUP(sizing_w24_nsxt_appliance_size,table_nsxt_manager_ram,2,FALSE),0), " GB : ",IF(AND(sizing_w24_chosen="Included",sizing_w24_nsxt_model<>"Shared"),VLOOKUP(sizing_w24_nsxt_appliance_size,table_nsxt_manager_disk_gb,2,FALSE),0)," GB") -> 0 CPUs : 0 GB : 0 GB | L59: Excluded | M59: Large | N59: =CONCATENATE(IF(AND(sizing_w24_gm_chosen<>"Excluded",sizing_w24_gm_chosen<>"Connect Instance"),VLOOKUP(sizing_w24_nsxt_gm_appliance_size,table_nsxt_manager_cpu,2,FALSE),0)," CPUs : ",IF(AND(sizing_w24_gm_chosen<>"Excluded",sizing_w24_gm_chosen<>"Connect Instance"),VLOOKUP(sizing_w24_nsxt_gm_appliance_size,table_nsxt_manager_ram,2,FALSE),0)," GB : ",IF(AND(sizing_w24_gm_chosen<>"Excluded",sizing_w24_gm_chosen<>"Connect Instance"),VLOOKUP(sizing_w24_nsxt_gm_appliance_size,table_nsxt_manager_disk_gb,2,FALSE),0)," GB") -> 0 CPUs : 0 GB : 0 GB | P59: Exclude | Q59: =(CONCATENATE(IF(AND(sizing_w24_chosen="Included",sizing_w24_spr_chosen="Include"),VLOOKUP(input_wld_srm_vm_size,table_srm_cpu,2,FALSE),0)," CPUs :",IF(AND(sizing_w24_chosen="Included",sizing_w24_spr_chosen="Include"),VLOOKUP(input_wld_srm_vm_size,table_srm_ram,2,FALSE),0)," GB : ",IF(AND(sizing_w24_chosen="Included",sizing_w24_spr_chosen="Include"),VLOOKUP(input_wld_srm_vm_size,table_srm_disk,2,FALSE),0)," GB")) -> 0 CPUs :0 GB : 0 GB | S59: Excluded | T59: =CONCATENATE(IF(AND(sizing_w24_chosen="Included",sizing_w24_avi_appliance_size<>"Excluded"),VLOOKUP(sizing_w24_avi_appliance_size,table_avi_lb_cpu,2,FALSE),0), " CPUs : ",IF(AND(sizing_w24_chosen="Included",sizing_w24_avi_appliance_size<>"Excluded"),VLOOKUP(sizing_w24_avi_appliance_size,table_avi_lb_ram,2,FALSE),0), " GB : ",IF(AND(sizing_w24_chosen="Included",sizing_w24_avi_appliance_size<>"Excluded"),VLOOKUP(sizing_w24_avi_appliance_size,table_avi_lb_disk,2,FALSE),0)," GB") -> 0 CPUs : 0 GB : 0 GB | V59: Excluded | W59: =CONCATENATE(IF(sizing_w24_ssp_chosen<>"Excluded",VLOOKUP(sizing_w24_ssp_chosen,table_ssp_cpu,2,FALSE),0)," CPUs : ",IF(sizing_w24_ssp_chosen<>"Excluded",VLOOKUP(sizing_w24_ssp_chosen,table_ssp_ram,2,FALSE),0), " GB : ",IF(sizing_w24_ssp_chosen<>"Excluded",VLOOKUP(sizing_w24_ssp_chosen,table_ssp_disk,2,FALSE),0)," GB") -> 0 CPUs : 0 GB : 0 GB | X59: =IF(sizing_w24_chosen="Included",CONCATENATE("vCenter:",VLOOKUP(sizing_w24_vcenter_appliance_size,vcenter_sizing_limits,2,FALSE)," | NSX LM ",VLOOKUP(sizing_w24_nsxt_appliance_size,nsx_sizing_limits,2,FALSE)),"")
B61: Validated Solutions: Deployment
B62: Select Option | E62: Feature | I62: Final Result | J62: Information
B63: Exclude | E63: Site Protection and Disaster Recovery for VMware Cloud Foundation | I63: =IF(spr_chosen="Management & VI Workload","Included",IF(spr_chosen="Management Only","Included",IF(spr_chosen="VI Workload Only","Included","Excluded"))) -> Excluded | J63: =IF(spr_result="Excluded","Cause: Not Selected. Site Protection and Disaster Recovery will not be deployed",IF(spr_chosen="Management Only","Site Protection and Disaster Recovery will be deployed in the Management Workload Domain",IF(spr_chosen="Management & VI Workload","Site Protection and Disaster Recovery will be deployed in the Management Workload Domain and selected VI Workload Domains",IF(spr_chosen="VI Workload Only","Site Protection and Disaster Recovery will be in selected VI Workload Domains","")))) -> Cause: Not Selected. Site Protection and Disaster Recovery will not be deployed
B64: Exclude | E64: On Premise Ransomware Recovery for VMware Cloud Foundation | I64: =IF(rwr_chosen="Exclude","Excluded","Included") -> Excluded | J64: =IF(rwr_chosen="Exclude","Cause: Not Selected. On Premise Ransomware Recovery will not be deployed","On Premise Ransomware Recovery will be deployed") -> Cause: Not Selected. On Premise Ransomware Recovery will not be deployed
B65: Exclude | E65: Cloud-Based Ransomware Recovery for VMware Cloud Foundation | I65: =IF(cbr_chosen="Exclude","Excluded","Included") -> Excluded | J65: =IF(cbr_chosen="Exclude","Cause: Not Selected. Cloud-Based Ransomware Recovery will not be deployed","Cloud-Based Ransomware Recovery will be deployed") -> Cause: Not Selected. Cloud-Based Ransomware Recovery will not be deployed
B66: Exclude | E66: Cross Cloud Mobility for VMware Cloud Foundation | I66: =IF(ccm_chosen="Exclude","Excluded","Included") -> Excluded | J66: =IF(ccm_chosen="Exclude","Cause: Not Selected. Cross-Cloud Mobility will not be deployed","Cross-Cloud Mobility will be deployed") -> Cause: Not Selected. Cross-Cloud Mobility will not be deployed
B68: VMware Validated Solutions Sizing Details
B69: Name | F69: Value | G69: Nodes | H69: vCPU | I69: Memory | J69: Storage (GB) | K69: Notes
B70: Site Protection and Disaster Recovery for VMware Cloud Foundation
B71: VMware Live Recovery Appliance Size MGMT Domain | G71: =IF(OR(spr_mo_result="True",spr_mw_result="True"),1,0) -> 0 | H71: =IF(OR(spr_mo_result="True",spr_mw_result="True"),VLOOKUP(input_mgmt_srm_vm_size,table_srm_cpu,2,FALSE),0) -> 0 | I71: =IF(OR(spr_mo_result="True",spr_mw_result="True"),VLOOKUP(input_mgmt_srm_vm_size,table_srm_ram,2,FALSE),0) -> 0 | J71: =IF(OR(spr_mo_result="True",spr_mw_result="True"),VLOOKUP(input_mgmt_srm_vm_size,table_srm_disk,2,FALSE),0) -> 0 | K71: No sizing optionality for the appliance
B72: VMware Live Recovery Appliance Size VI Workload Domain | G72: =COUNTIF(P36:P59,"Include") -> 0 | H72: =IF(OR(spr_wo_result="True",spr_mw_result="True"),VLOOKUP(input_wld_srm_vm_size,table_srm_cpu,2,FALSE),0) -> 0 | I72: =IF(OR(spr_wo_result="True",spr_mw_result="True"),VLOOKUP(input_wld_srm_vm_size,table_srm_ram,2,FALSE),0) -> 0 | J72: =IF(OR(spr_wo_result="True",spr_mw_result="True"),VLOOKUP(input_wld_srm_vm_size,table_srm_disk,2,FALSE),0) -> 0 | K72: =IF(OR(spr_chosen="Management & VI Workload",spr_chosen="VI Workload Only"),"Include Or Exclude Site Protection Disaster Recovery on each Workload Domain where required - Starting at Row 35 Column P","No sizing optionality for the appliance") -> No sizing optionality for the appliance
B73: On Premise Ransomware Recovery
B74: VMware Live Recovery Appliance Size | F74: Standard | G74: =IF(rwr_result="Excluded",0,1) -> 0 | H74: =IF(rwr_result="Excluded",0,8) -> 0 | I74: =IF(rwr_result="Excluded",0,24) -> 0 | J74: =IF(rwr_result="Excluded",0,800) -> 0 | K74: No sizing optionality for the appliance
B75: Cloud-Based Ransomware Recovery
B76: VMware Live Cyber Recovery Connector Appliance Size | F76: Standard | G76: =IF(cbr_result="Excluded",0,2) -> 0 | H76: =IF(cbr_result="Excluded",0,sizing_cbr_cpu) -> 0 | I76: =IF(cbr_result="Excluded",0,sizing_cbr_ram) -> 0 | J76: =IF(cbr_result="Excluded",0,sizing_cbr_disk) -> 0 | K76: No sizing optionality for the appliance
B77: Cross Cloud Mobility for VMware Cloud Foundation
B78: HCX Connector Appliance Size | F78: Standard | G78: =IF(ccm_result="Excluded",0,1) -> 0 | H78: =IF(ccm_result="Excluded",0,sizing_ccm_hcx_cpu) -> 0 | I78: =IF(ccm_result="Excluded",0,sizing_ccm_hcx_ram) -> 0 | J78: =IF(ccm_result="Excluded",0,sizing_ccm_hcx_disk) -> 0 | K78: No sizing optionality for the appliance
E79: Totals | G79: =SUM(G71:G72,G76,G78,G74) -> 0 | H79: =CONCATENATE(SUMPRODUCT('Management Domain Sizing'!$G$71:$G$78,'Management Domain Sizing'!H71:H78)," CPUs") -> 0 CPUs | I79: =CONCATENATE(SUMPRODUCT('Management Domain Sizing'!$G$71:$G$78,'Management Domain Sizing'!I71:I78)," GB") -> 0 GB | J79: =CONCATENATE(SUMPRODUCT('Management Domain Sizing'!$G$71:$G$78,'Management Domain Sizing'!J71:J78)," GB") -> 0 GB

Sheet Deploy Management Domain
B2: VMware Cloud Foundation Management Domain Deployment using VCF Installer
B3: This page contains all user required values used during the deployment of a VMware Cloud Foundation Management Domain. Each table and value maps directly to a process in the deployment guidance documentation.
J6: Download Binaries
J7: Depot Settings and Binary Management
J8: Configuration | K8: Sample | L8: Your Value | M8: Notes
J9: Depot Type | K9: Online | L9: Offline
J10: Offline Depot - Hostname | K10: my-offline-depot.rainpole.io | M10: =IF(mgmt_offline_depot_chosen="Online", "Input is masked out and only required if using offline depot","")
J11: Offline Depot - Port | K11: 443
J12: Download Token | K12: rqkOYDQRWJJbO7FIxdMgfgcKFOzPZRg4
J13: Enable Proxy Server | K13: Unselected | L13: Selected
C14: VCF Fleet | J14: Protocol | K14: HTTPS | L14: HTTP | M14: =IF(mgmt_internet_proxy_chosen="Unselected", "Input is masked out and only required if using Proxy Server for depot connectivity","")
J15: Proxy Address | K15: internet-proxy.rainpole.io
C16: VCF Operations | J16: Proxy Port | K16: 443
C17: VCF Automation | J17: Authenticated | K17: Unselected | L17: Selected
J18: Username | K18: my_proxy_username@rainpole.io | M18: =IF(mgmt_internet_proxy_auth_chosen="Unselected", "Input is masked out and only required if using Proxy Server that required authentication","")
C19: =CONCATENATE(mgmt_domain_deployment_type_chosen, " Instance") -> VMware Cloud Foundation Instance | J19: Password | K19: VMw@re1!VMw@re1!
E21: =IF(mgmt_domain_deployment_type_chosen="VCF","Management Domain","Components") -> Components | J21: Deploy
E23: vCenter | J23: Configuration | K23: Sample | L23: Your Value | M23: Notes
E24: NSX Manager | J24: Deployment Wizard | K24: VMware Cloud Foundation | L24: =mgmt_domain_deployment_type_chosen -> VMware Cloud Foundation
E25: vSphere Cluster | J25: Deployment Type | K25: Deploy a new VCF fleet | L25: =IF(vcf_granular_option_chosen="Deploy a new VCF fleet","Deploy a new VCF fleet",IF(vcf_granular_option_chosen="Deploy a VCF Instance in an existing VCF fleet","Deploy a VCF Instance in an existing VCF fleet","")) -> Deploy a VCF Instance in an existing VCF fleet | M25: Values are set based on selections made in VCF VVF Planning Tab
E26: SDDC Manager
J27: Existing Components
J28: Select the existing components you want to reuse in this VCF fleet
J29: Configuration | K29: Sample | L29: Your Value | M29: Notes
J30: VCF Operations | K30: Unselected | L30: Selected | M30: =IF(mgmt_domain_deployment_type_chosen="VMware vSphere Foundation","An existing VCF Operations instance cannot be used. If you want to use an existing VCF Operations instance, convert your vCenter to VMware vSphere Foundation deployment using the VCF Operations UI.","Use an existing VCF Operations instance as the management component in the VCF fleet.") -> Use an existing VCF Operations instance as the management component in the VCF fleet.
J31: VMware vCenter | K31: Unselected | L31: Unselected | M31: Use an existing vCenter as the management domain vCenter.
J32: VMware NSX | K32: Unselected | L32: Unselected | M32: =IF(mgmt_domain_existing_vcenter_chosen="Selected","Use the NSX Manager connected to this vCenter as the management domain NSX Manager.","Input is masked out and only required if you are importing a vCenter with an NSX Manager connected to it") -> Input is masked out and only required if you are importing a vCenter with an NSX Manager connected to it
J34: General Information
J35: Enter the general configuration details for this deployment
J36: Configuration | K36: Sample | L36: Your Value | M36: Notes
J37: Version | K37: =vcf_version_chosen -> 9.0.2.0 | L37: =vcf_version_chosen -> 9.0.2.0
J38: VCF Instance Name | K38: =IF(mgmt_domain_chosen="First Instance","San Francisco","Los Angeles") -> Los Angeles | M38: Minimum 3 Characters
J39: Management domain name | K39: =CONCATENATE(this_instance,"-m01") -> lax-m01
J40: Advanced: Custom networking for VCF Operations and VCF Automation | K40: Unselected | L40: Unselected | M40: =IF(mgmt_domain_ops_automation_later_chosen="Selected","Use Deploy Fleet Management Day-N sheet to capture inputs","Select to perform deployment of VCF Operations and VCF Automation post Management Domain Creation") -> Select to perform deployment of VCF Operations and VCF Automation post Management Domain Creation
J41: Deployment model | K41: High Availability (Three-node) | L41: High Availability (Three-Node) | M41: This selection applies to newly deployed appliances of VCF Operations, VCF Automation and NSX Manager.
J42: DNS
J43: Domain name | K43: rainpole.io | M43: =IF(mgmt_domain_existing_vcenter_chosen="Selected","Inputs are masked out as you are importing a vCenter. DNS inputs will be captured from vCenter during import","")
J44: Server #1 | K44: =IF(mgmt_dpg_reuse_result="Included",CONCATENATE(prefix_mgmt_az1_cidr,"10.4"),CONCATENATE(prefix_mgmt_az1_cidr,"11.4")) -> 10.21.10.4 | M44: =IF(mgmt_domain_existing_vcenter_chosen="Selected","Inputs are masked out as you are importing a vCenter. DNS inputs will be captured from vCenter during import","")
J45: Server #2 | K45: =IF(mgmt_dpg_reuse_result="Included",CONCATENATE(prefix_mgmt_az1_cidr,"10.5"),CONCATENATE(prefix_mgmt_az1_cidr,"11.5")) -> 10.21.10.5 | M45: =IF(mgmt_domain_existing_vcenter_chosen="Selected","Inputs are masked out as you are importing a vCenter. DNS inputs will be captured from vCenter during import","")
J46: NTP
J47: Server #1 | K47: =CONCATENATE("ntp0.",this_instance,".rainpole.io") -> ntp0.lax.rainpole.io | M47: =IF(mgmt_domain_existing_vcenter_chosen="Selected","Inputs are masked out as you are importing a vCenter. NTP inputs will be captured from vCenter during import","")
J48: Server #2 | K48: =CONCATENATE("ntp1.",this_instance,".rainpole.io") -> ntp1.lax.rainpole.io | M48: =IF(mgmt_domain_existing_vcenter_chosen="Selected","Inputs are masked out as you are importing a vCenter. NTP inputs will be captured from vCenter during import","")
J49: Auto-generate passwords for newly installed appliances | K49: Unselected | L49: Unselected
J50: Enable Customer Experience Improvement Program (CEIP) | K50: Selected | L50: Unselected
J52: VCF Operations
J53: Enter the configuration details for the VCF Operations appliances.
J54: Configuration | K54: Sample | L54: Your Value | M54: Notes
J55: VCF Operations
J56: Operations Appliance Size | K56: Medium | L56: Medium | M56: =IF(mgmt_domain_ops_automation_later_chosen="Selected","Inputs are masked out as you have opted to deploy VCF Ops and Automation post MGMT Domain deployment",CONCATENATE(IF(mgmt_vcfops_appliance_size_chosen="Extra Small","2 vCPU, 8GB RAM, 274 GB Storage", IF(mgmt_vcfops_appliance_size_chosen="Small","4 vCPU, 16GB RAM, 274 GB Storage", IF(mgmt_vcfops_appliance_size_chosen="Medium","8 vCPU, 32GB RAM, 274 GB Storage", IF(mgmt_vcfops_appliance_size_chosen="Large","16 vCPU, 48GB RAM, 274 GB Storage", IF(mgmt_vcfops_appliance_size_chosen="Extra Large","24 vCPU, 128GB RAM, 274 GB Storage", )))))," Per Appliance")) -> 8 vCPU, 32GB RAM, 274 GB Storage Per Appliance
J57: Operations primary FQDN | K57: =CONCATENATE(prefix_portable_component,"-ops01a.",sample_parent_dns_zone) -> flt-ops01a.rainpole.io
J58: Operations replica FQDN | K58: =CONCATENATE(prefix_portable_component,"-ops01b.",sample_parent_dns_zone) -> flt-ops01b.rainpole.io
J59: Operations data node FQDN | K59: =CONCATENATE(prefix_portable_component,"-ops01c.",sample_parent_dns_zone) -> flt-ops01c.rainpole.io
J60: Administrator Password | K60: VMw@re1!VMw@re1! | M60: =IF(mgmt_domain_password_creation_chosen="Selected","Inputs are masked out as you have opted to deploy with system generated passwords","Minimum 15 Characters, 1 Uppercase, 1 Special") -> Minimum 15 Characters, 1 Uppercase, 1 Special
J61: Root Password | K61: VMw@re1!VMw@re1! | M61: =IF(mgmt_domain_password_creation_chosen="Selected","Inputs are masked out as you have opted to deploy with system generated passwords","Minimum 15 Characters, 1 Uppercase, 1 Special") -> Minimum 15 Characters, 1 Uppercase, 1 Special
J62: Load Balancer
J63: Load Balancer FQDN | K63: =CONCATENATE(prefix_portable_component,"-ops01.",sample_parent_dns_zone) -> flt-ops01.rainpole.io | M63: Optional: For a high availability deployment, you can connect an external load balancer.
J64: Fleet management appliance
J65: Appliance FQDN | K65: =CONCATENATE(prefix_portable_component,"-fm01.",sample_parent_dns_zone) -> flt-fm01.rainpole.io | M65: =IF(mgmt_domain_ops_automation_later_chosen="Selected","Inputs are masked out as you have opted to deploy VCF Ops and Automation post MGMT Domain deployment","4 vCPU, 12GB RAM, 194GB Storage") -> 4 vCPU, 12GB RAM, 194GB Storage
J66: Use same password as VCF Operations | K66: Unselected | L66: Unselected | M66: =IF(mgmt_domain_password_creation_chosen="Selected","Inputs are masked out as you have opted to deploy with system generated passwords","")
J67: Administrator Password | K67: VMw@re1!VMw@re1! | M67: =IF(mgmt_domain_password_creation_chosen="Selected","Inputs are masked out as you have opted to deploy with system generated passwords","Minimum 15 Characters, 1 Uppercase, 1 Special") -> Minimum 15 Characters, 1 Uppercase, 1 Special
J68: Root password | K68: VMw@re1!VMw@re1! | M68: =IF(mgmt_domain_password_creation_chosen="Selected","Inputs are masked out as you have opted to deploy with system generated passwords","Minimum 15 Characters, 1 Uppercase, 1 Special") -> Minimum 15 Characters, 1 Uppercase, 1 Special
J69: Operations Collector Appliance
J70: Appliance FQDN | K70: =CONCATENATE(this_instance,"-cp01.",sample_child_dns_zone) -> lax-cp01.lax.rainpole.io
J71: Use same password as VCF Operations | K71: Unselected | L71: Unselected
J72: Root Password | K72: VMw@re1!VMw@re1! | M72: Minimum 15 Characters, 1 Uppercase, 1 Special
J74: VCF Automation
J75: Enter the configuration details for VCF Automation appliance
J76: Configuration | K76: Sample | L76: Your Value | M76: Notes
J77: I want to connect a VCF Automation instance later | K77: Unselected | L77: Unselected | M77: =IF(mgmt_domain_ops_automation_later_chosen="Selected","Inputs are masked out as you have opted to deploy VCF Ops and Automation post MGMT Domain deployment","Select to use VCF Operations to import or install VCF Automation once VCF installer is complete.") -> Select to use VCF Operations to import or install VCF Automation once VCF installer is complete.
J78: Appliance FQDN | K78: =CONCATENATE(prefix_portable_component,"-auto01.",sample_parent_dns_zone) -> flt-auto01.rainpole.io | M78: =IF(OR(mgmt_domain_ops_automation_later_chosen="Selected",mgmt_domain_vcf_automation_later_chosen="Selected"),"Inputs are masked out as you have opted to deploy or import VCF Automation post MGMT Domain deployment","24 vCPU, 96GB RAM, 599GB Storage Per Appliance") -> 24 vCPU, 96GB RAM, 599GB Storage Per Appliance
J79: Administrator Password | K79: VMw@re1!VMw@re1! | M79: =IF(OR(mgmt_domain_ops_automation_later_chosen="Selected",mgmt_domain_vcf_automation_later_chosen="Selected"),"Inputs are masked out as you have opted to deploy or import VCF Automation post MGMT Domain deployment",IF(mgmt_domain_password_creation_chosen="Selected","Inputs are masked out as you have opted to deploy with system generated passwords","Minimum 15 Characters, 1 Uppercase, 1 Special")) -> Minimum 15 Characters, 1 Uppercase, 1 Special
J80: Node IP 1 | K80: =IF(mgmt_vcf_management_network_chosen="Use VM management network",IF(mgmt_dpg_reuse_result="Included",CONCATENATE(prefix_mgmt_az1_cidr,"10.46"),CONCATENATE(prefix_mgmt_az1_cidr,"11.46")),CONCATENATE(prefix_flt_shared_cidr,".46")) -> 10.21.10.46 | M80: =IF(OR(mgmt_domain_ops_automation_later_chosen="Selected",mgmt_domain_vcf_automation_later_chosen="Selected"),"Inputs are masked out as you have opted to deploy or import VCF Automation post MGMT Domain deployment","DNS record is not required | This IP Address must be on the same network as vCenter, NSX Manager etc") -> DNS record is not required | This IP Address must be on the same network as vCenter, NSX Manager etc
J81: Node IP 2 | K81: =IF(mgmt_vcf_management_network_chosen="Use VM management network",IF(mgmt_dpg_reuse_result="Included",CONCATENATE(prefix_mgmt_az1_cidr,"10.47"),CONCATENATE(prefix_mgmt_az1_cidr,"11.47")),CONCATENATE(prefix_flt_shared_cidr,".47")) -> 10.21.10.47 | M81: =IF(OR(mgmt_domain_ops_automation_later_chosen="Selected",mgmt_domain_vcf_automation_later_chosen="Selected"),"Inputs are masked out as you have opted to deploy or import VCF Automation post MGMT Domain deployment","DNS record is not required | This IP Address must be on the same network as vCenter, NSX Manager etc") -> DNS record is not required | This IP Address must be on the same network as vCenter, NSX Manager etc
J82: Node IP 3 | K82: =IF(mgmt_vcf_management_network_chosen="Use VM management network",IF(mgmt_dpg_reuse_result="Included",CONCATENATE(prefix_mgmt_az1_cidr,"10.48"),CONCATENATE(prefix_mgmt_az1_cidr,"11.48")),CONCATENATE(prefix_flt_shared_cidr,".48")) -> 10.21.10.48 | M82: =IF(OR(mgmt_domain_ops_automation_later_chosen="Selected",mgmt_domain_vcf_automation_later_chosen="Selected"),"Inputs are masked out as you have opted to deploy or import VCF Automation post MGMT Domain deployment","DNS record is not required | This IP Address must be on the same network as vCenter, NSX Manager etc") -> DNS record is not required | This IP Address must be on the same network as vCenter, NSX Manager etc
J83: Node IP 4 | K83: =IF(mgmt_vcf_management_network_chosen="Use VM management network",IF(mgmt_dpg_reuse_result="Included",CONCATENATE(prefix_mgmt_az1_cidr,"10.49"),CONCATENATE(prefix_mgmt_az1_cidr,"11.49")),CONCATENATE(prefix_flt_shared_cidr,".49")) -> 10.21.10.49 | M83: =IF(OR(mgmt_domain_ops_automation_later_chosen="Selected",mgmt_domain_vcf_automation_later_chosen="Selected"),"Inputs are masked out as you have opted to deploy or import VCF Automation post MGMT Domain deployment","DNS record is not required | This IP Address must be on the same network as vCenter, NSX Manager etc") -> DNS record is not required | This IP Address must be on the same network as vCenter, NSX Manager etc
J84: Node Name Prefix | K84: =CONCATENATE(prefix_portable_component,"-auto") -> flt-auto | M84: =IF(OR(mgmt_domain_ops_automation_later_chosen="Selected",mgmt_domain_vcf_automation_later_chosen="Selected"),"Inputs are masked out as you have opted to deploy or import VCF Automation post MGMT Domain deployment","VCF Automation virtual machines will be deployed with Node Name Prefix<generated id>") -> VCF Automation virtual machines will be deployed with Node Name Prefix<generated id>
J85: Internal Cluster CIDR | K85: 198.18.0.0/15 | L85: 198.18.0.0/15 | M85: =IF(OR(mgmt_domain_ops_automation_later_chosen="Selected",mgmt_domain_vcf_automation_later_chosen="Selected"),"Inputs are masked out as you have opted to deploy or import VCF Automation post MGMT Domain deployment","The CIDR used for pods running the internal Kubernetes cluster") -> The CIDR used for pods running the internal Kubernetes cluster
J87: vCenter
J88: Enter the configuration details for the management domain vCenter.
J89: Configuration | K89: Sample | L89: Your Value | M89: Notes
J90: Appliance FQDN | K90: =CONCATENATE(this_instance,"-m01-vc01.",sample_child_dns_zone) -> lax-m01-vc01.lax.rainpole.io
J91: Appliance Size | K91: Small | L91: Medium | M91: =IF(mgmt_domain_existing_vcenter_chosen="Selected","Inputs are masked out as you have opted to import an existing vCenter Server", IF(mgmt_vcenter_appliance_size_chosen="Tiny","2 vCPU, 10GB RAM", IF(mgmt_vcenter_appliance_size_chosen="Small","4 vCPU, 21GB RAM", IF(mgmt_vcenter_appliance_size_chosen="Medium","8 vCPU, 30GB RAM", IF(mgmt_vcenter_appliance_size_chosen="Large","16 vCPU, 39GB RAM", IF(mgmt_vcenter_appliance_size_chosen="Extra Large","24 vCPU, 58GB RAM", )))))) -> 8 vCPU, 30GB RAM
J92: Appliance Storage Size | K92: Default | L92: Default | M92: =IF(mgmt_domain_existing_vcenter_chosen="Selected","Inputs are masked out as you have opted to import an existing vCenter Server", CONCATENATE(VLOOKUP(CONCATENATE(mgmt_vcenter_appliance_size_chosen,sizing_m01_vcenter_storage_size_chosen),table_vcenter_disk_gb,2,FALSE)," GB")) -> 908 GB
J93: Datacenter Name | K93: =CONCATENATE(this_instance,"-m01-dc01") -> lax-m01-dc01 | M93: =IF(mgmt_domain_existing_vcenter_chosen="Selected","Inputs are masked out as you have opted to import an existing vCenter Server","")
J94: Cluster Name | K94: =CONCATENATE(this_instance,"-m01-cl01") -> lax-m01-cl01 | M94: =IF(mgmt_domain_existing_vcenter_chosen="Selected","Inputs are masked out as you have opted to import an existing vCenter Server","")
J95: Domain Name | K95: vsphere.local | M95: =IF(mgmt_domain_existing_vcenter_chosen="Selected","Inputs are masked out as you have opted to import an existing vCenter Server","")
J96: SSO Username | K96: administrator@vsphere.local | M96: =IF(mgmt_domain_existing_vcenter_chosen="Unselected", "Input is masked out and only required if importing an existing vCenter","") -> Input is masked out and only required if importing an existing vCenter
J97: Administrator Password | K97: VMw@re1!VMw@re1! | M97: =IF(mgmt_domain_existing_vcenter_chosen="Selected","",IF(mgmt_domain_password_creation_chosen="Selected","Inputs are masked out as you have opted deploy with system generated passwords","Minimum 15 Characters, 1 Uppercase, 1 Special")) -> Minimum 15 Characters, 1 Uppercase, 1 Special
J98: Root Password | K98: VMw@re1!VMw@re1! | M98: =IF(mgmt_domain_existing_vcenter_chosen="Selected","",IF(mgmt_domain_password_creation_chosen="Selected","Inputs are masked out as you have opted deploy with system generated passwords","Minimum 15 Characters, 1 Uppercase, 1 Special")) -> Minimum 15 Characters, 1 Uppercase, 1 Special
J100: NSX Manager
J101: Enter configuration details for the NSX Manager to be deployed.
J102: Configuration | K102: Sample | L102: Your Value | M102: Notes
J103: Appliance Size | K103: Medium | L103: Medium | M103: =IF(mgmt_domain_existing_nsx_manager_chosen="Selected","Inputs are masked out as you have opted to import with an existing NSX Cluster", IF(mgmt_nsxt_appliance_size_chosen="Extra Small","2 vCPU, 8GB, 300GB Storage - Only supported via API. Use VCF.JSONGenerator to generate the JSON File once PnP is complete", IF(mgmt_nsxt_appliance_size_chosen="Small","4 vCPU, 16GB, 300GB Storage", IF(mgmt_nsxt_appliance_size_chosen="Medium","6 vCPU, 24GB, 300GB Storage", IF(mgmt_nsxt_appliance_size_chosen="Large","12 vCPU, 48GB, 400GB Storage", IF(mgmt_nsxt_appliance_size_chosen="Extra Large","24 vCPU, 96GB, 400GB Storage Only supported via API. Use VCF.JSONGenerator to generate the JSON File once PnP is complete", )))))) -> 6 vCPU, 24GB, 300GB Storage
J104: Cluster FQDN | K104: =CONCATENATE(this_instance,"-m01-nsx01",".",sample_child_dns_zone) -> lax-m01-nsx01.lax.rainpole.io
J105: Appliance 1 FQDN | K105: =CONCATENATE(this_instance,"-m01-nsx01a",".",sample_child_dns_zone) -> lax-m01-nsx01a.lax.rainpole.io | M105: =IF(mgmt_domain_existing_nsx_manager_chosen="Selected","Inputs are masked out as you have opted to deploy with an existing NSX Cluster","")
J106: Appliance 2 FQDN | K106: =CONCATENATE(this_instance,"-m01-nsx01b",".",sample_child_dns_zone) -> lax-m01-nsx01b.lax.rainpole.io | M106: =IF(mgmt_domain_existing_nsx_manager_chosen="Selected","Inputs are masked out as you have opted to deploy with an existing NSX Cluster","")
J107: Appliance 3 FQDN | K107: =CONCATENATE(this_instance,"-m01-nsx01c",".",sample_child_dns_zone) -> lax-m01-nsx01c.lax.rainpole.io | M107: =IF(mgmt_domain_existing_nsx_manager_chosen="Selected","Inputs are masked out as you have opted to deploy with an existing NSX Cluster","")
J108: Administrator Password | K108: VMw@re1!VMw@re1! | M108: =IF(mgmt_domain_password_creation_chosen="Selected","Inputs are masked out as you have opted to deploy with system generated passwords","Minimum 12 Characters, 1 Uppercase, 1 Special") -> Minimum 12 Characters, 1 Uppercase, 1 Special
J109: Root Password | K109: VMw@re1!VMw@re1! | M109: =IF(mgmt_domain_password_creation_chosen="Selected","Inputs are masked out as you have opted to deploy with system generated passwords","Minimum 12 Characters, 1 Uppercase, 1 Special") -> Minimum 12 Characters, 1 Uppercase, 1 Special
J110: Audit Password | K110: VMw@re1!VMw@re1! | M110: =IF(mgmt_domain_password_creation_chosen="Selected","Inputs are masked out as you have opted to deploy with system generated passwords","Minimum 12 Characters, 1 Uppercase, 1 Special") -> Minimum 12 Characters, 1 Uppercase, 1 Special
...

Sheet Configure Management Domain
B2: VMware Cloud Foundation Management Domain Post-Deployment
B3: This page contains all user required values used for associated Post-Config tasks. Each table and value maps directly to a process in the deployment guidance documentation.
B5: Configure SFTP Backups for SDDC Manager and NSX | C5: Apply Signed Certificates | D5: NSX Network Connectivity for the MGMT Workload Domain | E5: Deploy AVI Loadbalancer
B7: Stretched Cluster | C7: NSX Federation for Management Domain
B10: Management Domain: Post-Deployment Options
B11: Select Option | C11: Feature | D11: Final Result | E11: Information
B12: Microsoft CA | C12: Apply Signed Certificates | D12: =IF(mgmt_domain_deployment_type_chosen="VMware vSphere Foundation","Excluded",IF(mgmt_signed_certs_chosen="Exclude","Excluded","Included")) -> Included | E12: =IF(mgmt_domain_deployment_type_chosen="VMware vSphere Foundation","Cannot be performed on a VMware vSphere Foundation deployment", IF(vcf_granular_option_chosen="Create Cluster","Deploy a new VCF fleet or Deploy a VCF Instance in an existing VCF fleet not selected on VCF & VVF Planning Tab", IF(vcf_granular_option_chosen="None Chosen","No Deployment Type Chosen", IF(mgmt_signed_certs_chosen="Exclude","Cause: Not Selected. Signed certificates will not be deployed", IF(mgmt_signed_certs_chosen="Microsoft CA","Microsoft CA based signed certificates will be deployed","OpenSSL CA based signed certificates will be deployed"))))) -> Microsoft CA based signed certificates will be deployed
B13: Centralized Connectivity | C13: NSX Network Connectivity for MGMT Workload Domain | D13: =IF(mgmt_domain_deployment_type_chosen="VMware vSphere Foundation","Excluded",IF(mgmt_vns_chosen="Exclude","Excluded","Included")) -> Included | E13: =IF(mgmt_domain_deployment_type_chosen="VMware vSphere Foundation","Cannot be performed on a VMware vSphere Foundation deployment",IF(mgmt_vns_chosen="Exclude","Cause: Not Selected. NSX Routing for Management Domain will not be deployed", IF(mgmt_vns_chosen="Distributed Connectivity","Suitable for environments where you need a streamlined network configuration with limited NSX networking services.","NSX Edge cluster will be created. EBGP will be used. Suitable for environments where you need the full-scale of the NSX services"))) -> NSX Edge cluster will be created. EBGP will be used. Suitable for environments where you need the full-scale of the NSX services
B14: Exclude | C14: Deploy AVI Loadbalancer | D14: =IF(AND(vcf_granular_option_chosen<>"Deploy a new VCF fleet",vcf_granular_option_chosen<>"Deploy a VCF Instance in an existing VCF fleet",vcf_granular_option_chosen<>"Create Cluster"),"Excluded",IF(mgmt_avi_loadbalancer_chosen="Exclude","Excluded","Included")) -> Excluded | E14: =IF(vcf_granular_option_chosen="None Chosen","No Deployment Type Chosen",IF(mgmt_domain_deployment_type_chosen="VMware vSphere Foundation","Cannot be performed on a VMware vSphere Foundation deployment", IF(mgmt_avi_loadbalancer_chosen="Exclude","Cause: Not Selected. AVI Loadbalancer will not be configured","AVI Loadbalancer will be configured"))) -> Cause: Not Selected. AVI Loadbalancer will not be configured
B15: Exclude | C15: vSAN Stretched Cluster | D15: =IF(AND(vcf_granular_option_chosen<>"Deploy a new VCF fleet",vcf_granular_option_chosen<>"Deploy a VCF Instance in an existing VCF fleet",vcf_granular_option_chosen<>"Create Cluster"),"Excluded", IF(mgmt_stretched_cluster_chosen="Exclude","Excluded", IF(AND(mgmt_stretched_cluster_chosen="Include",AND(mgmt_principal_storage_chosen<>"vSAN-ESA",mgmt_principal_storage_chosen<>"vSAN-OSA")),"Excluded","Included"))) -> Excluded | E15: =IF(vcf_granular_option_chosen="None Chosen","No Deployment Type Chosen", IF(mgmt_domain_deployment_type_chosen="VMware vSphere Foundation","Cannot be performed on a VMware vSphere Foundation deployment", IF(vcf_version_chosen="No Version Selected","Cause: VCF Deployment version is not Selected", IF(mgmt_stretched_cluster_chosen="Exclude","Cause: Not Selected. Stretched Cluster will not be deployed", IF(AND(mgmt_stretched_cluster_chosen="Include",AND(mgmt_principal_storage_chosen<>"vSAN-ESA",mgmt_principal_storage_chosen<>"vSAN-OSA")),"Cause: Stretched Cluster is only supported with vSAN as Principal Storage", IF(mgmt_vns_chosen="VLAN-Backed","Note: VLAN-backed segments require L2 stretched VM Networks. Consider Overlay-backed instead.","Stretched Cluster will be deployed")))))) -> Cause: Not Selected. Stretched Cluster will not be deployed
B16: Active Global Manager | C16: NSX Federation for Management Domain | D16: =IF(AND(vcf_granular_option_chosen<>"Deploy a new VCF fleet",vcf_granular_option_chosen<>"Deploy a VCF Instance in an existing VCF fleet",vcf_granular_option_chosen<>"Create Cluster",vcf_granular_option_chosen<>"One or More VVDs"),"Excluded",IF(mgmt_nsxt_federation_chosen="Exclude","Excluded",IF(mgmt_vns_chosen="Centralized Connectivity","Included","Excluded"))) -> Included | E16: =IF(vcf_granular_option_chosen="None Chosen","No Deployment Type Chosen", IF(mgmt_domain_deployment_type_chosen="VMware vSphere Foundation","Cannot be performed on a VMware vSphere Foundation deployment",IF(mgmt_nsxt_federation_chosen="Exclude","Cause: Not Selected. NSX Federation for Management Domain will not be deployed", IF(AND((mgmt_nsxt_federation_chosen="Active Global Manager"),(mgmt_nsxt_federation_result="Included")),"NSX Federation for Management Domain will be deployed with Active Global Manager", IF(AND((mgmt_nsxt_federation_chosen="Standby Global Manager"),(mgmt_nsxt_federation_result="Included")),"NSX Federation for Management Domain will be deployed with Standby Global Manager", IF(AND((mgmt_nsxt_federation_chosen="Connect Instance"),(mgmt_nsxt_federation_result="Included")),"Management Domain will be connected to an existing Global Manager","Cause: NSX Centralized Connectivity for Management Domain Required")))))) -> NSX Federation for Management Domain will be deployed with Active Global Manager
B18: Configure SFTP Backups for SDDC Manager and NSX {VCF Operations}
B19: Configure SFTP Settings
B20: Configuration | C20: Sample | D20: Your Value | E20: Notes
B21: Host FQDN or IP | C21: 20.10.5.10 | E21: SFTP server for NSX Backups
B22: Port | C22: 22
B23: Transfer Protocol | C23: SFTP
B24: Username | C24: svc-vcf-bck
B25: Password | C25: VMw@re1!
B26: Backup Directory | C26: /backups/
B27: SSH Fingerprint | C27: SHA256:JYFI4GSJS3V9BpPzHMX8NDpo3R0sAJvM5QpB0cWs61Y
B28: Encryption Passphrase | C28: VMw@re1! | E28: Minimum 8 Characters, 2 Uppercase, 2 Lower, 2 Digits
B30: Apply Signed Certificates
B31: Install Microsoft Certificate Authority Roles
B32: Configuration | C32: Sample | D32: Your Value | E32: Notes
B33: FQDN | C33: rpl-ad01.rainpole.io | E33: =IF(mgmt_signed_certs_result="Excluded","Inputs are masked out and only required if Apply Signed Certifcates is chosen from the Post-Deployment Option","")
B34: User | C34: Administrator
B35: Password | C35: VMw@re1!
B36: Configure the Microsoft Certificate Authority for Basic Authentication
B37: FQDN | C37: =sample_certificate_authority_fqdn -> rpl-ad01.rainpole.io | D37: =certificate_authority_fqdn -> Value Missing | E37: =IF(mgmt_signed_certs_result="Excluded","Inputs are masked out and only required if Apply Signed Certifcates is chosen from the Post-Deployment Option","")
B38: User | C38: =sample_ca_administrator_username -> Administrator | D38: =ca_administrator_username -> Value Missing
B39: Password | C39: =sample_ca_administrator_password -> VMw@re1! | D39: =ca_administrator_password -> Value Missing
B40: Your_Server | C40: =sample_certificate_authority_fqdn -> rpl-ad01.rainpole.io | D40: =certificate_authority_fqdn -> Value Missing
B41: Create and Add a Microsoft Certificate Authority Template
B42: CA Server URL | C42: =CONCATENATE("https://",sample_certificate_authority_fqdn) -> https://rpl-ad01.rainpole.io | D42: =certificate_authority_fqdn -> Value Missing | E42: =IF(mgmt_signed_certs_result="Excluded","Inputs are masked out and only required if Apply Signed Certifcates is chosen from the Post-Deployment Option","")
B43: User Name | C43: =sample_ca_administrator_username -> Administrator | D43: =ca_administrator_username -> Value Missing
B44: Password | C44: =sample_ca_administrator_password -> VMw@re1! | D44: =ca_administrator_password -> Value Missing
B45: Template Name | C45: VMware
B46: Assign Certificate Management Privileges to the SDDC Manager Service Account
B47: FQDN | C47: =sample_certificate_authority_fqdn -> rpl-ad01.rainpole.io | D47: =certificate_authority_fqdn -> Value Missing | E47: =IF(mgmt_signed_certs_result="Excluded","Inputs are masked out and only required if Apply Signed Certifcates is chosen from the Post-Deployment Option","")
B48: User | C48: =sample_ca_administrator_username -> Administrator | D48: =ca_administrator_username -> Value Missing
B49: Password | C49: =sample_ca_administrator_password -> VMw@re1! | D49: =ca_administrator_password -> Value Missing
B50: Active Directory Account Username | C50: svc-vcf-ca
B51: Configure a Microsoft Certificate Authority in VCF Operations
B52: Certificate Authority | C52: Microsoft | D52: Microsoft | E52: =IF(mgmt_signed_certs_result="Excluded","Inputs are masked out and only required if Apply Signed Certifcates is chosen from the Post-Deployment Option","")
B53: CA Server URL | C53: =CONCATENATE("https://",certificate_authority_fqdn,"/certsrv") -> https://Value Missing/certsrv | D53: =CONCATENATE("https://",certificate_authority_fqdn,"/certsrv") -> https://Value Missing/certsrv
B54: Username | C54: =sample_svc_vcf_ca_vcf_user -> svc-vcf-ca | D54: =user_svc_vcf_ca_vcf -> Value Missing
B55: Password | C55: VMw@re1!
B56: Template Name | C56: =sample_ca_template_name -> VMware | D56: =ca_template_name -> Value Missing
B57: Installing Microsoft CA-Signed Certificates using VCF Operations
B58: Algorithm | C58: RSA | E58: =IF(mgmt_signed_certs_result="Excluded","Inputs are masked out and only required if Apply Signed Certifcates is chosen from the Post-Deployment Option","")
B59: Organization | C59: Rainpole
B60: Organizational Unit | C60: IT
B61: Country | C61: US
B62: State | C62: CA
B63: Locality | C63: San Francisco
B64: Email | C64: administrator@rainpole.io
B65: Key Size | C65: 4096
B66: Configure OpenSSL-signed Certificates in VCF Operations
B67: Certificate Authority | C67: OpenSSL | E67: =IF(mgmt_signed_certs_result="Excluded","Inputs are masked out and only required if Apply Signed Certifcates is chosen from the Post-Deployment Option","")
B68: Common Name | C68: =sample_sddc_mgr_fqdn -> lax-vcf01.lax.rainpole.io
B69: Country | C69: =sample_ca_country -> US
B70: Locality Name | C70: =sample_ca_locality -> San Francisco
B71: Organization Name | C71: =sample_ca_organization_unit -> Rainpole
B72: Organizational Unit Name | C72: =sample_ca_organization -> IT
B73: State | C73: =sample_ca_state -> CA
B74: Installing OpenSSL-signed Certificates using VCF Operations
B75: Algorithm | C75: =sample_ca_algorithm -> RSA | E75: =IF(mgmt_signed_certs_result="Excluded","Inputs are masked out and only required if Apply Signed Certifcates is chosen from the Post-Deployment Option","")
B76: Key Size | C76: =sample_ca_key_size -> 4096
B77: Email | C77: =sample_ca_email_address -> administrator@rainpole.io
B78: Organizational Unit | C78: =sample_ca_organization -> IT
B79: Organization Name | C79: =sample_ca_organization_unit -> Rainpole
B80: Locality | C80: =sample_ca_locality -> San Francisco
B81: State | C81: =sample_ca_state -> CA
B82: Country | C82: =sample_ca_country -> US
B83: User name | C83: VCF
B84: Password | C84: =sample_sddc_mgr_vcf_password -> VMw@re1!VMw@re1!
B86: NSX Routing for Management Domain {vCenter}
B87: Create an NSX Edge Cluster
B88: Configuration | C88: Sample | D88: Your Value | E88: Notes
B89: Gateway Type
B90: Gateway Type | C90: Centralized Connectivity | D90: =mgmt_vns_chosen -> Centralized Connectivity | E90: =IF(mgmt_vns_result="Excluded","Inputs are masked out and only required if NSX Network Connectivity for MGMT Domain is chosen from the Post-Deployment Option","")
B91: External Network Connectivity
B92: VLAN ID | C92: 1198 | E92: =IF(mgmt_vns_chosen="Centralized Connectivity","Inputs are masked out and only required if Distributed Connectivity Gateway Type is chosen from the Post-Deployment Option","Needs to be a routable network is customers envoirnemt" ) -> Inputs are masked out and only required if Distributed Connectivity Gateway Type is chosen from the Post-Deployment Option
B93: Gateway CIDR IPv4 | C93: 10.11.98.1/24
B94: Edge Cluster
B95: Edge Cluster Name | C95: =CONCATENATE(this_instance,"-m01-ec01") -> lax-m01-ec01
B96: Tunnel Endpoint MTU | C96: 1700 | E96: Is configured as part of the Global Fabric setting
B97: Edge Form Factor | C97: Medium | D97: Medium
B98: Edge Node 1
B99: Edge Node 1: Edge Node Name (FQDN) | C99: =CONCATENATE(this_instance,"-m01-r01-en01",".",sample_child_dns_zone) -> lax-m01-r01-en01.lax.rainpole.io
B100: vSphere Cluster | C100: =sample_mgmt_cl01_cluster -> lax-m01-cl01 | D100: =mgmt_cl01_cluster -> Value Missing | E100: Values are set based on vSphere Cluster configuration in the Deploy Management Domain Tab
B101: Resource Pool | C101: =CONCATENATE(this_instance,"-m01-cl01-rp-ec01") -> lax-m01-cl01-rp-ec01 | E101: Resource Pool is optional and must be precreated in vCenter Prior to Starting this workflow
B102: Host Group Affinity | C102: No | D102: No
B103: Host Group | C103: =CONCATENATE(this_instance,"-m01","-host-group-affinity-rule-ec01-en01") -> lax-m01-host-group-affinity-rule-ec01-en01 | E103: =IF(mgmt_ec01_host_group_affinity_rule_chosen="No","Inputs are masked out and only required if Host Groups Affiity are required","Host Group is optional and must be precreated in vCenter Prior to Starting this workflow" ) -> Inputs are masked out and only required if Host Groups Affiity are required
B104: Datastore | C104: =sample_mgmt_cl01_vsan_datastore -> lax-m01-cl01-ds-nfs01 | D104: =mgmt_cl01_vsan_datastore -> Value Missing | E104: Values are set based on Datastoreconfiguration in the Deploy Management Domain Tab
B105: IP Allocation | C105: Static | D105: Static
B106: Port Group | C106: =sample_mgmt_cl01_az1_mgmt_vm_pg -> lax-m01-cl01-vds01-pg-vm-mgmt | D106: =mgmt_cl01_az1_mgmt_vm_pg -> Value Missing | E106: Values are set based on VM Management Network configuration in the Deploy Management Domain Tab
B107: Edge Node 1: Management IP (CIDR) | C107: =IF(mgmt_dpg_reuse_result="Included",CONCATENATE(prefix_mgmt_az1_cidr,"10.75","/",INT(RIGHT(sample_mgmt_az1_mgmt_vm_cidr,LEN(sample_mgmt_az1_mgmt_vm_cidr)-FIND("/",sample_mgmt_az1_mgmt_vm_cidr)))),CONCATENATE(prefix_mgmt_az1_cidr,"11.75","/",INT(RIGHT(sample_mgmt_az1_mgmt_cidr,LEN(sample_mgmt_az1_mgmt_cidr)-FIND("/",sample_mgmt_az1_mgmt_cidr))))) -> 10.21.10.75/24 | E107: =IF(mgmt_az1_en1_ip_allocation_chosen="DHCP","Inputs are masked out and only required if Static IP Allocation is selected","")
B108: Edge Node 1: Management Gateway | C108: =sample_mgmt_az1_mgmt_vm_gateway_ip -> 10.21.10.1 | D108: =mgmt_az1_mgmt_vm_gateway_ip -> Value Missing | E108: Values are set based on VM Management Network configuration in the Deploy Management Domain Tab. Click to Redirect
...

Sheet Deploy Fleet Management Day-N
B2: VMware Cloud Foundation Fleet Components Deployment
B3: This page contains all user required values used for associated Post-Config tasks. Each table and value maps directly to a process in the deployment guidance documentation.
B5: VMware Cloud Foundation Fleet Components Deployment
B6: Select Option | C6: Feature | D6: Final Result | E6: Information
